{
  "ABIRoot": {
    "kind": "Root",
    "name": "camera_avfoundation",
    "printedName": "camera_avfoundation",
    "children": [
      {
        "kind": "Import",
        "name": "AVFoundation",
        "printedName": "AVFoundation",
        "declKind": "Import",
        "moduleName": "camera_avfoundation",
        "declAttributes": [
          "RawDocComment"
        ]
      },
      {
        "kind": "Import",
        "name": "CoreMotion",
        "printedName": "CoreMotion",
        "declKind": "Import",
        "moduleName": "camera_avfoundation"
      },
      {
        "kind": "Import",
        "name": "Flutter",
        "printedName": "Flutter",
        "declKind": "Import",
        "moduleName": "camera_avfoundation"
      },
      {
        "kind": "Import",
        "name": "Flutter",
        "printedName": "Flutter",
        "declKind": "Import",
        "moduleName": "camera_avfoundation",
        "declAttributes": [
          "RawDocComment"
        ]
      },
      {
        "kind": "Import",
        "name": "ObjectiveC",
        "printedName": "ObjectiveC",
        "declKind": "Import",
        "moduleName": "camera_avfoundation"
      },
      {
        "kind": "TypeDecl",
        "name": "CameraPlugin",
        "printedName": "CameraPlugin",
        "children": [
          {
            "kind": "Function",
            "name": "register",
            "printedName": "register(with:)",
            "children": [
              {
                "kind": "TypeNominal",
                "name": "Void",
                "printedName": "()"
              },
              {
                "kind": "TypeNominal",
                "name": "FlutterPluginRegistrar",
                "printedName": "any Flutter.FlutterPluginRegistrar",
                "usr": "c:objc(pl)FlutterPluginRegistrar"
              }
            ],
            "declKind": "Func",
            "usr": "c:@M@camera_avfoundation@objc(cs)CameraPlugin(cm)registerWithRegistrar:",
            "mangledName": "$s19camera_avfoundation12CameraPluginC8register4withySo07FlutterD9Registrar_p_tFZ",
            "moduleName": "camera_avfoundation",
            "static": true,
            "objc_name": "registerWithRegistrar:",
            "declAttributes": [
              "Final",
              "ObjC",
              "AccessControl"
            ],
            "funcSelfKind": "NonMutating"
          },
          {
            "kind": "Function",
            "name": "detachFromEngine",
            "printedName": "detachFromEngine(for:)",
            "children": [
              {
                "kind": "TypeNominal",
                "name": "Void",
                "printedName": "()"
              },
              {
                "kind": "TypeNominal",
                "name": "FlutterPluginRegistrar",
                "printedName": "any Flutter.FlutterPluginRegistrar",
                "usr": "c:objc(pl)FlutterPluginRegistrar"
              }
            ],
            "declKind": "Func",
            "usr": "c:@M@camera_avfoundation@objc(cs)CameraPlugin(im)detachFromEngineForRegistrar:",
            "mangledName": "$s19camera_avfoundation12CameraPluginC16detachFromEngine3forySo07FlutterD9Registrar_p_tF",
            "moduleName": "camera_avfoundation",
            "objc_name": "detachFromEngineForRegistrar:",
            "declAttributes": [
              "Final",
              "ObjC",
              "AccessControl"
            ],
            "funcSelfKind": "NonMutating"
          },
          {
            "kind": "Constructor",
            "name": "init",
            "printedName": "init()",
            "children": [
              {
                "kind": "TypeNominal",
                "name": "CameraPlugin",
                "printedName": "camera_avfoundation.CameraPlugin",
                "usr": "c:@M@camera_avfoundation@objc(cs)CameraPlugin"
              }
            ],
            "declKind": "Constructor",
            "usr": "c:@M@camera_avfoundation@objc(cs)CameraPlugin(im)init",
            "mangledName": "$s19camera_avfoundation12CameraPluginCACycfc",
            "moduleName": "camera_avfoundation",
            "overriding": true,
            "implicit": true,
            "objc_name": "init",
            "declAttributes": [
              "Dynamic",
              "ObjC",
              "Override"
            ],
            "init_kind": "Designated"
          },
          {
            "kind": "Function",
            "name": "availableCameras",
            "printedName": "availableCameras(completion:)",
            "children": [
              {
                "kind": "TypeNominal",
                "name": "Void",
                "printedName": "()"
              },
              {
                "kind": "TypeFunc",
                "name": "Function",
                "printedName": "([camera_avfoundation.FCPPlatformCameraDescription]?, Flutter.FlutterError?) -> ()",
                "children": [
                  {
                    "kind": "TypeNominal",
                    "name": "Void",
                    "printedName": "()"
                  },
                  {
                    "kind": "TypeNominal",
                    "name": "Tuple",
                    "printedName": "([camera_avfoundation.FCPPlatformCameraDescription]?, Flutter.FlutterError?)",
                    "children": [
                      {
                        "kind": "TypeNominal",
                        "name": "Optional",
                        "printedName": "[camera_avfoundation.FCPPlatformCameraDescription]?",
                        "children": [
                          {
                            "kind": "TypeNominal",
                            "name": "Array",
                            "printedName": "[camera_avfoundation.FCPPlatformCameraDescription]",
                            "children": [
                              {
                                "kind": "TypeNominal",
                                "name": "FCPPlatformCameraDescription",
                                "printedName": "camera_avfoundation.FCPPlatformCameraDescription",
                                "usr": "c:objc(cs)FCPPlatformCameraDescription"
                              }
                            ],
                            "usr": "s:Sa"
                          }
                        ],
                        "usr": "s:Sq"
                      },
                      {
                        "kind": "TypeNominal",
                        "name": "Optional",
                        "printedName": "Flutter.FlutterError?",
                        "children": [
                          {
                            "kind": "TypeNominal",
                            "name": "FlutterError",
                            "printedName": "Flutter.FlutterError",
                            "usr": "c:objc(cs)FlutterError"
                          }
                        ],
                        "usr": "s:Sq"
                      }
                    ]
                  }
                ]
              }
            ],
            "declKind": "Func",
            "usr": "c:@CM@camera_avfoundation@objc(cs)CameraPlugin(im)availableCamerasWithCompletion:",
            "mangledName": "$s19camera_avfoundation12CameraPluginC16availableCameras10completionyySaySo011FCPPlatformC11DescriptionCGSg_So12FlutterErrorCSgtc_tF",
            "moduleName": "camera_avfoundation",
            "objc_name": "availableCamerasWithCompletion:",
            "declAttributes": [
              "Final",
              "ObjC",
              "AccessControl"
            ],
            "isFromExtension": true,
            "funcSelfKind": "NonMutating"
          },
          {
            "kind": "Function",
            "name": "createCamera",
            "printedName": "createCamera(withName:settings:completion:)",
            "children": [
              {
                "kind": "TypeNominal",
                "name": "Void",
                "printedName": "()"
              },
              {
                "kind": "TypeNominal",
                "name": "String",
                "printedName": "Swift.String",
                "usr": "s:SS"
              },
              {
                "kind": "TypeNominal",
                "name": "FCPPlatformMediaSettings",
                "printedName": "camera_avfoundation.FCPPlatformMediaSettings",
                "usr": "c:objc(cs)FCPPlatformMediaSettings"
              },
              {
                "kind": "TypeFunc",
                "name": "Function",
                "printedName": "(Foundation.NSNumber?, Flutter.FlutterError?) -> ()",
                "children": [
                  {
                    "kind": "TypeNominal",
                    "name": "Void",
                    "printedName": "()"
                  },
                  {
                    "kind": "TypeNominal",
                    "name": "Tuple",
                    "printedName": "(Foundation.NSNumber?, Flutter.FlutterError?)",
                    "children": [
                      {
                        "kind": "TypeNominal",
                        "name": "Optional",
                        "printedName": "Foundation.NSNumber?",
                        "children": [
                          {
                            "kind": "TypeNominal",
                            "name": "NSNumber",
                            "printedName": "Foundation.NSNumber",
                            "usr": "c:objc(cs)NSNumber"
                          }
                        ],
                        "usr": "s:Sq"
                      },
                      {
                        "kind": "TypeNominal",
                        "name": "Optional",
                        "printedName": "Flutter.FlutterError?",
                        "children": [
                          {
                            "kind": "TypeNominal",
                            "name": "FlutterError",
                            "printedName": "Flutter.FlutterError",
                            "usr": "c:objc(cs)FlutterError"
                          }
                        ],
                        "usr": "s:Sq"
                      }
                    ]
                  }
                ]
              }
            ],
            "declKind": "Func",
            "usr": "c:@CM@camera_avfoundation@objc(cs)CameraPlugin(im)createCameraWithName:settings:completion:",
            "mangledName": "$s19camera_avfoundation12CameraPluginC06createC08withName8settings10completionySS_So24FCPPlatformMediaSettingsCySo8NSNumberCSg_So12FlutterErrorCSgtctF",
            "moduleName": "camera_avfoundation",
            "objc_name": "createCameraWithName:settings:completion:",
            "declAttributes": [
              "Final",
              "ObjC",
              "AccessControl"
            ],
            "isFromExtension": true,
            "funcSelfKind": "NonMutating"
          },
          {
            "kind": "Function",
            "name": "initializeCamera",
            "printedName": "initializeCamera(_:withImageFormat:completion:)",
            "children": [
              {
                "kind": "TypeNominal",
                "name": "Void",
                "printedName": "()"
              },
              {
                "kind": "TypeNominal",
                "name": "Int",
                "printedName": "Swift.Int",
                "usr": "s:Si"
              },
              {
                "kind": "TypeNominal",
                "name": "FCPPlatformImageFormatGroup",
                "printedName": "camera_avfoundation.FCPPlatformImageFormatGroup",
                "usr": "c:@E@FCPPlatformImageFormatGroup"
              },
              {
                "kind": "TypeFunc",
                "name": "Function",
                "printedName": "(Flutter.FlutterError?) -> ()",
                "children": [
                  {
                    "kind": "TypeNominal",
                    "name": "Void",
                    "printedName": "()"
                  },
                  {
                    "kind": "TypeNominal",
                    "name": "Optional",
                    "printedName": "Flutter.FlutterError?",
                    "children": [
                      {
                        "kind": "TypeNominal",
                        "name": "FlutterError",
                        "printedName": "Flutter.FlutterError",
                        "usr": "c:objc(cs)FlutterError"
                      }
                    ],
                    "usr": "s:Sq"
                  }
                ]
              }
            ],
            "declKind": "Func",
            "usr": "c:@CM@camera_avfoundation@objc(cs)CameraPlugin(im)initializeCamera:withImageFormat:completion:",
            "mangledName": "$s19camera_avfoundation12CameraPluginC010initializeC0_15withImageFormat10completionySi_So011FCPPlatformgH5GroupVySo12FlutterErrorCSgctF",
            "moduleName": "camera_avfoundation",
            "objc_name": "initializeCamera:withImageFormat:completion:",
            "declAttributes": [
              "Final",
              "ObjC",
              "AccessControl"
            ],
            "isFromExtension": true,
            "funcSelfKind": "NonMutating"
          },
          {
            "kind": "Function",
            "name": "startImageStream",
            "printedName": "startImageStream(completion:)",
            "children": [
              {
                "kind": "TypeNominal",
                "name": "Void",
                "printedName": "()"
              },
              {
                "kind": "TypeFunc",
                "name": "Function",
                "printedName": "(Flutter.FlutterError?) -> ()",
                "children": [
                  {
                    "kind": "TypeNominal",
                    "name": "Void",
                    "printedName": "()"
                  },
                  {
                    "kind": "TypeNominal",
                    "name": "Optional",
                    "printedName": "Flutter.FlutterError?",
                    "children": [
                      {
                        "kind": "TypeNominal",
                        "name": "FlutterError",
                        "printedName": "Flutter.FlutterError",
                        "usr": "c:objc(cs)FlutterError"
                      }
                    ],
                    "usr": "s:Sq"
                  }
                ]
              }
            ],
            "declKind": "Func",
            "usr": "c:@CM@camera_avfoundation@objc(cs)CameraPlugin(im)startImageStreamWithCompletion:",
            "mangledName": "$s19camera_avfoundation12CameraPluginC16startImageStream10completionyySo12FlutterErrorCSgc_tF",
            "moduleName": "camera_avfoundation",
            "objc_name": "startImageStreamWithCompletion:",
            "declAttributes": [
              "Final",
              "ObjC",
              "AccessControl"
            ],
            "isFromExtension": true,
            "funcSelfKind": "NonMutating"
          },
          {
            "kind": "Function",
            "name": "stopImageStream",
            "printedName": "stopImageStream(completion:)",
            "children": [
              {
                "kind": "TypeNominal",
                "name": "Void",
                "printedName": "()"
              },
              {
                "kind": "TypeFunc",
                "name": "Function",
                "printedName": "(Flutter.FlutterError?) -> ()",
                "children": [
                  {
                    "kind": "TypeNominal",
                    "name": "Void",
                    "printedName": "()"
                  },
                  {
                    "kind": "TypeNominal",
                    "name": "Optional",
                    "printedName": "Flutter.FlutterError?",
                    "children": [
                      {
                        "kind": "TypeNominal",
                        "name": "FlutterError",
                        "printedName": "Flutter.FlutterError",
                        "usr": "c:objc(cs)FlutterError"
                      }
                    ],
                    "usr": "s:Sq"
                  }
                ]
              }
            ],
            "declKind": "Func",
            "usr": "c:@CM@camera_avfoundation@objc(cs)CameraPlugin(im)stopImageStreamWithCompletion:",
            "mangledName": "$s19camera_avfoundation12CameraPluginC15stopImageStream10completionyySo12FlutterErrorCSgc_tF",
            "moduleName": "camera_avfoundation",
            "objc_name": "stopImageStreamWithCompletion:",
            "declAttributes": [
              "Final",
              "ObjC",
              "AccessControl"
            ],
            "isFromExtension": true,
            "funcSelfKind": "NonMutating"
          },
          {
            "kind": "Function",
            "name": "receivedImageStreamData",
            "printedName": "receivedImageStreamData(completion:)",
            "children": [
              {
                "kind": "TypeNominal",
                "name": "Void",
                "printedName": "()"
              },
              {
                "kind": "TypeFunc",
                "name": "Function",
                "printedName": "(Flutter.FlutterError?) -> ()",
                "children": [
                  {
                    "kind": "TypeNominal",
                    "name": "Void",
                    "printedName": "()"
                  },
                  {
                    "kind": "TypeNominal",
                    "name": "Optional",
                    "printedName": "Flutter.FlutterError?",
                    "children": [
                      {
                        "kind": "TypeNominal",
                        "name": "FlutterError",
                        "printedName": "Flutter.FlutterError",
                        "usr": "c:objc(cs)FlutterError"
                      }
                    ],
                    "usr": "s:Sq"
                  }
                ]
              }
            ],
            "declKind": "Func",
            "usr": "c:@CM@camera_avfoundation@objc(cs)CameraPlugin(im)receivedImageStreamDataWithCompletion:",
            "mangledName": "$s19camera_avfoundation12CameraPluginC23receivedImageStreamData10completionyySo12FlutterErrorCSgc_tF",
            "moduleName": "camera_avfoundation",
            "objc_name": "receivedImageStreamDataWithCompletion:",
            "declAttributes": [
              "Final",
              "ObjC",
              "AccessControl"
            ],
            "isFromExtension": true,
            "funcSelfKind": "NonMutating"
          },
          {
            "kind": "Function",
            "name": "disposeCamera",
            "printedName": "disposeCamera(_:completion:)",
            "children": [
              {
                "kind": "TypeNominal",
                "name": "Void",
                "printedName": "()"
              },
              {
                "kind": "TypeNominal",
                "name": "Int",
                "printedName": "Swift.Int",
                "usr": "s:Si"
              },
              {
                "kind": "TypeFunc",
                "name": "Function",
                "printedName": "(Flutter.FlutterError?) -> ()",
                "children": [
                  {
                    "kind": "TypeNominal",
                    "name": "Void",
                    "printedName": "()"
                  },
                  {
                    "kind": "TypeNominal",
                    "name": "Optional",
                    "printedName": "Flutter.FlutterError?",
                    "children": [
                      {
                        "kind": "TypeNominal",
                        "name": "FlutterError",
                        "printedName": "Flutter.FlutterError",
                        "usr": "c:objc(cs)FlutterError"
                      }
                    ],
                    "usr": "s:Sq"
                  }
                ]
              }
            ],
            "declKind": "Func",
            "usr": "c:@CM@camera_avfoundation@objc(cs)CameraPlugin(im)disposeCamera:completion:",
            "mangledName": "$s19camera_avfoundation12CameraPluginC07disposeC0_10completionySi_ySo12FlutterErrorCSgctF",
            "moduleName": "camera_avfoundation",
            "objc_name": "disposeCamera:completion:",
            "declAttributes": [
              "Final",
              "ObjC",
              "AccessControl"
            ],
            "isFromExtension": true,
            "funcSelfKind": "NonMutating"
          },
          {
            "kind": "Function",
            "name": "lockCapture",
            "printedName": "lockCapture(_:completion:)",
            "children": [
              {
                "kind": "TypeNominal",
                "name": "Void",
                "printedName": "()"
              },
              {
                "kind": "TypeNominal",
                "name": "FCPPlatformDeviceOrientation",
                "printedName": "camera_avfoundation.FCPPlatformDeviceOrientation",
                "usr": "c:@E@FCPPlatformDeviceOrientation"
              },
              {
                "kind": "TypeFunc",
                "name": "Function",
                "printedName": "(Flutter.FlutterError?) -> ()",
                "children": [
                  {
                    "kind": "TypeNominal",
                    "name": "Void",
                    "printedName": "()"
                  },
                  {
                    "kind": "TypeNominal",
                    "name": "Optional",
                    "printedName": "Flutter.FlutterError?",
                    "children": [
                      {
                        "kind": "TypeNominal",
                        "name": "FlutterError",
                        "printedName": "Flutter.FlutterError",
                        "usr": "c:objc(cs)FlutterError"
                      }
                    ],
                    "usr": "s:Sq"
                  }
                ]
              }
            ],
            "declKind": "Func",
            "usr": "c:@CM@camera_avfoundation@objc(cs)CameraPlugin(im)lockCaptureOrientation:completion:",
            "mangledName": "$s19camera_avfoundation12CameraPluginC11lockCapture_10completionySo28FCPPlatformDeviceOrientationV_ySo12FlutterErrorCSgctF",
            "moduleName": "camera_avfoundation",
            "objc_name": "lockCaptureOrientation:completion:",
            "declAttributes": [
              "Final",
              "ObjC",
              "AccessControl"
            ],
            "isFromExtension": true,
            "funcSelfKind": "NonMutating"
          },
          {
            "kind": "Function",
            "name": "unlockCaptureOrientation",
            "printedName": "unlockCaptureOrientation(completion:)",
            "children": [
              {
                "kind": "TypeNominal",
                "name": "Void",
                "printedName": "()"
              },
              {
                "kind": "TypeFunc",
                "name": "Function",
                "printedName": "(Flutter.FlutterError?) -> ()",
                "children": [
                  {
                    "kind": "TypeNominal",
                    "name": "Void",
                    "printedName": "()"
                  },
                  {
                    "kind": "TypeNominal",
                    "name": "Optional",
                    "printedName": "Flutter.FlutterError?",
                    "children": [
                      {
                        "kind": "TypeNominal",
                        "name": "FlutterError",
                        "printedName": "Flutter.FlutterError",
                        "usr": "c:objc(cs)FlutterError"
                      }
                    ],
                    "usr": "s:Sq"
                  }
                ]
              }
            ],
            "declKind": "Func",
            "usr": "c:@CM@camera_avfoundation@objc(cs)CameraPlugin(im)unlockCaptureOrientationWithCompletion:",
            "mangledName": "$s19camera_avfoundation12CameraPluginC24unlockCaptureOrientation10completionyySo12FlutterErrorCSgc_tF",
            "moduleName": "camera_avfoundation",
            "objc_name": "unlockCaptureOrientationWithCompletion:",
            "declAttributes": [
              "Final",
              "ObjC",
              "AccessControl"
            ],
            "isFromExtension": true,
            "funcSelfKind": "NonMutating"
          },
          {
            "kind": "Function",
            "name": "takePicture",
            "printedName": "takePicture(completion:)",
            "children": [
              {
                "kind": "TypeNominal",
                "name": "Void",
                "printedName": "()"
              },
              {
                "kind": "TypeFunc",
                "name": "Function",
                "printedName": "(Swift.String?, Flutter.FlutterError?) -> ()",
                "children": [
                  {
                    "kind": "TypeNominal",
                    "name": "Void",
                    "printedName": "()"
                  },
                  {
                    "kind": "TypeNominal",
                    "name": "Tuple",
                    "printedName": "(Swift.String?, Flutter.FlutterError?)",
                    "children": [
                      {
                        "kind": "TypeNominal",
                        "name": "Optional",
                        "printedName": "Swift.String?",
                        "children": [
                          {
                            "kind": "TypeNominal",
                            "name": "String",
                            "printedName": "Swift.String",
                            "usr": "s:SS"
                          }
                        ],
                        "usr": "s:Sq"
                      },
                      {
                        "kind": "TypeNominal",
                        "name": "Optional",
                        "printedName": "Flutter.FlutterError?",
                        "children": [
                          {
                            "kind": "TypeNominal",
                            "name": "FlutterError",
                            "printedName": "Flutter.FlutterError",
                            "usr": "c:objc(cs)FlutterError"
                          }
                        ],
                        "usr": "s:Sq"
                      }
                    ]
                  }
                ]
              }
            ],
            "declKind": "Func",
            "usr": "c:@CM@camera_avfoundation@objc(cs)CameraPlugin(im)takePictureWithCompletion:",
            "mangledName": "$s19camera_avfoundation12CameraPluginC11takePicture10completionyySSSg_So12FlutterErrorCSgtc_tF",
            "moduleName": "camera_avfoundation",
            "objc_name": "takePictureWithCompletion:",
            "declAttributes": [
              "Final",
              "ObjC",
              "AccessControl"
            ],
            "isFromExtension": true,
            "funcSelfKind": "NonMutating"
          },
          {
            "kind": "Function",
            "name": "prepareForVideoRecording",
            "printedName": "prepareForVideoRecording(completion:)",
            "children": [
              {
                "kind": "TypeNominal",
                "name": "Void",
                "printedName": "()"
              },
              {
                "kind": "TypeFunc",
                "name": "Function",
                "printedName": "(Flutter.FlutterError?) -> ()",
                "children": [
                  {
                    "kind": "TypeNominal",
                    "name": "Void",
                    "printedName": "()"
                  },
                  {
                    "kind": "TypeNominal",
                    "name": "Optional",
                    "printedName": "Flutter.FlutterError?",
                    "children": [
                      {
                        "kind": "TypeNominal",
                        "name": "FlutterError",
                        "printedName": "Flutter.FlutterError",
                        "usr": "c:objc(cs)FlutterError"
                      }
                    ],
                    "usr": "s:Sq"
                  }
                ]
              }
            ],
            "declKind": "Func",
            "usr": "c:@CM@camera_avfoundation@objc(cs)CameraPlugin(im)prepareForVideoRecordingWithCompletion:",
            "mangledName": "$s19camera_avfoundation12CameraPluginC24prepareForVideoRecording10completionyySo12FlutterErrorCSgc_tF",
            "moduleName": "camera_avfoundation",
            "objc_name": "prepareForVideoRecordingWithCompletion:",
            "declAttributes": [
              "Final",
              "ObjC",
              "AccessControl"
            ],
            "isFromExtension": true,
            "funcSelfKind": "NonMutating"
          },
          {
            "kind": "Function",
            "name": "startVideoRecording",
            "printedName": "startVideoRecording(withStreaming:completion:)",
            "children": [
              {
                "kind": "TypeNominal",
                "name": "Void",
                "printedName": "()"
              },
              {
                "kind": "TypeNominal",
                "name": "Bool",
                "printedName": "Swift.Bool",
                "usr": "s:Sb"
              },
              {
                "kind": "TypeFunc",
                "name": "Function",
                "printedName": "(Flutter.FlutterError?) -> ()",
                "children": [
                  {
                    "kind": "TypeNominal",
                    "name": "Void",
                    "printedName": "()"
                  },
                  {
                    "kind": "TypeNominal",
                    "name": "Optional",
                    "printedName": "Flutter.FlutterError?",
                    "children": [
                      {
                        "kind": "TypeNominal",
                        "name": "FlutterError",
                        "printedName": "Flutter.FlutterError",
                        "usr": "c:objc(cs)FlutterError"
                      }
                    ],
                    "usr": "s:Sq"
                  }
                ]
              }
            ],
            "declKind": "Func",
            "usr": "c:@CM@camera_avfoundation@objc(cs)CameraPlugin(im)startVideoRecordingWithStreaming:completion:",
            "mangledName": "$s19camera_avfoundation12CameraPluginC19startVideoRecording13withStreaming10completionySb_ySo12FlutterErrorCSgctF",
            "moduleName": "camera_avfoundation",
            "objc_name": "startVideoRecordingWithStreaming:completion:",
            "declAttributes": [
              "Final",
              "ObjC",
              "AccessControl"
            ],
            "isFromExtension": true,
            "funcSelfKind": "NonMutating"
          },
          {
            "kind": "Function",
            "name": "stopVideoRecording",
            "printedName": "stopVideoRecording(completion:)",
            "children": [
              {
                "kind": "TypeNominal",
                "name": "Void",
                "printedName": "()"
              },
              {
                "kind": "TypeFunc",
                "name": "Function",
                "printedName": "(Swift.String?, Flutter.FlutterError?) -> ()",
                "children": [
                  {
                    "kind": "TypeNominal",
                    "name": "Void",
                    "printedName": "()"
                  },
                  {
                    "kind": "TypeNominal",
                    "name": "Tuple",
                    "printedName": "(Swift.String?, Flutter.FlutterError?)",
                    "children": [
                      {
                        "kind": "TypeNominal",
                        "name": "Optional",
                        "printedName": "Swift.String?",
                        "children": [
                          {
                            "kind": "TypeNominal",
                            "name": "String",
                            "printedName": "Swift.String",
                            "usr": "s:SS"
                          }
                        ],
                        "usr": "s:Sq"
                      },
                      {
                        "kind": "TypeNominal",
                        "name": "Optional",
                        "printedName": "Flutter.FlutterError?",
                        "children": [
                          {
                            "kind": "TypeNominal",
                            "name": "FlutterError",
                            "printedName": "Flutter.FlutterError",
                            "usr": "c:objc(cs)FlutterError"
                          }
                        ],
                        "usr": "s:Sq"
                      }
                    ]
                  }
                ]
              }
            ],
            "declKind": "Func",
            "usr": "c:@CM@camera_avfoundation@objc(cs)CameraPlugin(im)stopVideoRecordingWithCompletion:",
            "mangledName": "$s19camera_avfoundation12CameraPluginC18stopVideoRecording10completionyySSSg_So12FlutterErrorCSgtc_tF",
            "moduleName": "camera_avfoundation",
            "objc_name": "stopVideoRecordingWithCompletion:",
            "declAttributes": [
              "Final",
              "ObjC",
              "AccessControl"
            ],
            "isFromExtension": true,
            "funcSelfKind": "NonMutating"
          },
          {
            "kind": "Function",
            "name": "pauseVideoRecording",
            "printedName": "pauseVideoRecording(completion:)",
            "children": [
              {
                "kind": "TypeNominal",
                "name": "Void",
                "printedName": "()"
              },
              {
                "kind": "TypeFunc",
                "name": "Function",
                "printedName": "(Flutter.FlutterError?) -> ()",
                "children": [
                  {
                    "kind": "TypeNominal",
                    "name": "Void",
                    "printedName": "()"
                  },
                  {
                    "kind": "TypeNominal",
                    "name": "Optional",
                    "printedName": "Flutter.FlutterError?",
                    "children": [
                      {
                        "kind": "TypeNominal",
                        "name": "FlutterError",
                        "printedName": "Flutter.FlutterError",
                        "usr": "c:objc(cs)FlutterError"
                      }
                    ],
                    "usr": "s:Sq"
                  }
                ]
              }
            ],
            "declKind": "Func",
            "usr": "c:@CM@camera_avfoundation@objc(cs)CameraPlugin(im)pauseVideoRecordingWithCompletion:",
            "mangledName": "$s19camera_avfoundation12CameraPluginC19pauseVideoRecording10completionyySo12FlutterErrorCSgc_tF",
            "moduleName": "camera_avfoundation",
            "objc_name": "pauseVideoRecordingWithCompletion:",
            "declAttributes": [
              "Final",
              "ObjC",
              "AccessControl"
            ],
            "isFromExtension": true,
            "funcSelfKind": "NonMutating"
          },
          {
            "kind": "Function",
            "name": "resumeVideoRecording",
            "printedName": "resumeVideoRecording(completion:)",
            "children": [
              {
                "kind": "TypeNominal",
                "name": "Void",
                "printedName": "()"
              },
              {
                "kind": "TypeFunc",
                "name": "Function",
                "printedName": "(Flutter.FlutterError?) -> ()",
                "children": [
                  {
                    "kind": "TypeNominal",
                    "name": "Void",
                    "printedName": "()"
                  },
                  {
                    "kind": "TypeNominal",
                    "name": "Optional",
                    "printedName": "Flutter.FlutterError?",
                    "children": [
                      {
                        "kind": "TypeNominal",
                        "name": "FlutterError",
                        "printedName": "Flutter.FlutterError",
                        "usr": "c:objc(cs)FlutterError"
                      }
                    ],
                    "usr": "s:Sq"
                  }
                ]
              }
            ],
            "declKind": "Func",
            "usr": "c:@CM@camera_avfoundation@objc(cs)CameraPlugin(im)resumeVideoRecordingWithCompletion:",
            "mangledName": "$s19camera_avfoundation12CameraPluginC20resumeVideoRecording10completionyySo12FlutterErrorCSgc_tF",
            "moduleName": "camera_avfoundation",
            "objc_name": "resumeVideoRecordingWithCompletion:",
            "declAttributes": [
              "Final",
              "ObjC",
              "AccessControl"
            ],
            "isFromExtension": true,
            "funcSelfKind": "NonMutating"
          },
          {
            "kind": "Function",
            "name": "setFlashMode",
            "printedName": "setFlashMode(_:completion:)",
            "children": [
              {
                "kind": "TypeNominal",
                "name": "Void",
                "printedName": "()"
              },
              {
                "kind": "TypeNominal",
                "name": "FCPPlatformFlashMode",
                "printedName": "camera_avfoundation.FCPPlatformFlashMode",
                "usr": "c:@E@FCPPlatformFlashMode"
              },
              {
                "kind": "TypeFunc",
                "name": "Function",
                "printedName": "(Flutter.FlutterError?) -> ()",
                "children": [
                  {
                    "kind": "TypeNominal",
                    "name": "Void",
                    "printedName": "()"
                  },
                  {
                    "kind": "TypeNominal",
                    "name": "Optional",
                    "printedName": "Flutter.FlutterError?",
                    "children": [
                      {
                        "kind": "TypeNominal",
                        "name": "FlutterError",
                        "printedName": "Flutter.FlutterError",
                        "usr": "c:objc(cs)FlutterError"
                      }
                    ],
                    "usr": "s:Sq"
                  }
                ]
              }
            ],
            "declKind": "Func",
            "usr": "c:@CM@camera_avfoundation@objc(cs)CameraPlugin(im)setFlashMode:completion:",
            "mangledName": "$s19camera_avfoundation12CameraPluginC12setFlashMode_10completionySo011FCPPlatformfG0V_ySo12FlutterErrorCSgctF",
            "moduleName": "camera_avfoundation",
            "objc_name": "setFlashMode:completion:",
            "declAttributes": [
              "Final",
              "ObjC",
              "AccessControl"
            ],
            "isFromExtension": true,
            "funcSelfKind": "NonMutating"
          },
          {
            "kind": "Function",
            "name": "setExposureMode",
            "printedName": "setExposureMode(_:completion:)",
            "children": [
              {
                "kind": "TypeNominal",
                "name": "Void",
                "printedName": "()"
              },
              {
                "kind": "TypeNominal",
                "name": "FCPPlatformExposureMode",
                "printedName": "camera_avfoundation.FCPPlatformExposureMode",
                "usr": "c:@E@FCPPlatformExposureMode"
              },
              {
                "kind": "TypeFunc",
                "name": "Function",
                "printedName": "(Flutter.FlutterError?) -> ()",
                "children": [
                  {
                    "kind": "TypeNominal",
                    "name": "Void",
                    "printedName": "()"
                  },
                  {
                    "kind": "TypeNominal",
                    "name": "Optional",
                    "printedName": "Flutter.FlutterError?",
                    "children": [
                      {
                        "kind": "TypeNominal",
                        "name": "FlutterError",
                        "printedName": "Flutter.FlutterError",
                        "usr": "c:objc(cs)FlutterError"
                      }
                    ],
                    "usr": "s:Sq"
                  }
                ]
              }
            ],
            "declKind": "Func",
            "usr": "c:@CM@camera_avfoundation@objc(cs)CameraPlugin(im)setExposureMode:completion:",
            "mangledName": "$s19camera_avfoundation12CameraPluginC15setExposureMode_10completionySo011FCPPlatformfG0V_ySo12FlutterErrorCSgctF",
            "moduleName": "camera_avfoundation",
            "objc_name": "setExposureMode:completion:",
            "declAttributes": [
              "Final",
              "ObjC",
              "AccessControl"
            ],
            "isFromExtension": true,
            "funcSelfKind": "NonMutating"
          },
          {
            "kind": "Function",
            "name": "setExposurePoint",
            "printedName": "setExposurePoint(_:completion:)",
            "children": [
              {
                "kind": "TypeNominal",
                "name": "Void",
                "printedName": "()"
              },
              {
                "kind": "TypeNominal",
                "name": "Optional",
                "printedName": "camera_avfoundation.FCPPlatformPoint?",
                "children": [
                  {
                    "kind": "TypeNominal",
                    "name": "FCPPlatformPoint",
                    "printedName": "camera_avfoundation.FCPPlatformPoint",
                    "usr": "c:objc(cs)FCPPlatformPoint"
                  }
                ],
                "usr": "s:Sq"
              },
              {
                "kind": "TypeFunc",
                "name": "Function",
                "printedName": "(Flutter.FlutterError?) -> ()",
                "children": [
                  {
                    "kind": "TypeNominal",
                    "name": "Void",
                    "printedName": "()"
                  },
                  {
                    "kind": "TypeNominal",
                    "name": "Optional",
                    "printedName": "Flutter.FlutterError?",
                    "children": [
                      {
                        "kind": "TypeNominal",
                        "name": "FlutterError",
                        "printedName": "Flutter.FlutterError",
                        "usr": "c:objc(cs)FlutterError"
                      }
                    ],
                    "usr": "s:Sq"
                  }
                ]
              }
            ],
            "declKind": "Func",
            "usr": "c:@CM@camera_avfoundation@objc(cs)CameraPlugin(im)setExposurePoint:completion:",
            "mangledName": "$s19camera_avfoundation12CameraPluginC16setExposurePoint_10completionySo011FCPPlatformG0CSg_ySo12FlutterErrorCSgctF",
            "moduleName": "camera_avfoundation",
            "objc_name": "setExposurePoint:completion:",
            "declAttributes": [
              "Final",
              "ObjC",
              "AccessControl"
            ],
            "isFromExtension": true,
            "funcSelfKind": "NonMutating"
          },
          {
            "kind": "Function",
            "name": "getMinimumExposureOffset",
            "printedName": "getMinimumExposureOffset(_:)",
            "children": [
              {
                "kind": "TypeNominal",
                "name": "Void",
                "printedName": "()"
              },
              {
                "kind": "TypeFunc",
                "name": "Function",
                "printedName": "(Foundation.NSNumber?, Flutter.FlutterError?) -> ()",
                "children": [
                  {
                    "kind": "TypeNominal",
                    "name": "Void",
                    "printedName": "()"
                  },
                  {
                    "kind": "TypeNominal",
                    "name": "Tuple",
                    "printedName": "(Foundation.NSNumber?, Flutter.FlutterError?)",
                    "children": [
                      {
                        "kind": "TypeNominal",
                        "name": "Optional",
                        "printedName": "Foundation.NSNumber?",
                        "children": [
                          {
                            "kind": "TypeNominal",
                            "name": "NSNumber",
                            "printedName": "Foundation.NSNumber",
                            "usr": "c:objc(cs)NSNumber"
                          }
                        ],
                        "usr": "s:Sq"
                      },
                      {
                        "kind": "TypeNominal",
                        "name": "Optional",
                        "printedName": "Flutter.FlutterError?",
                        "children": [
                          {
                            "kind": "TypeNominal",
                            "name": "FlutterError",
                            "printedName": "Flutter.FlutterError",
                            "usr": "c:objc(cs)FlutterError"
                          }
                        ],
                        "usr": "s:Sq"
                      }
                    ]
                  }
                ]
              }
            ],
            "declKind": "Func",
            "usr": "c:@CM@camera_avfoundation@objc(cs)CameraPlugin(im)getMinimumExposureOffset:",
            "mangledName": "$s19camera_avfoundation12CameraPluginC24getMinimumExposureOffsetyyySo8NSNumberCSg_So12FlutterErrorCSgtcF",
            "moduleName": "camera_avfoundation",
            "objc_name": "getMinimumExposureOffset:",
            "declAttributes": [
              "Final",
              "ObjC",
              "AccessControl"
            ],
            "isFromExtension": true,
            "funcSelfKind": "NonMutating"
          },
          {
            "kind": "Function",
            "name": "getMaximumExposureOffset",
            "printedName": "getMaximumExposureOffset(_:)",
            "children": [
              {
                "kind": "TypeNominal",
                "name": "Void",
                "printedName": "()"
              },
              {
                "kind": "TypeFunc",
                "name": "Function",
                "printedName": "(Foundation.NSNumber?, Flutter.FlutterError?) -> ()",
                "children": [
                  {
                    "kind": "TypeNominal",
                    "name": "Void",
                    "printedName": "()"
                  },
                  {
                    "kind": "TypeNominal",
                    "name": "Tuple",
                    "printedName": "(Foundation.NSNumber?, Flutter.FlutterError?)",
                    "children": [
                      {
                        "kind": "TypeNominal",
                        "name": "Optional",
                        "printedName": "Foundation.NSNumber?",
                        "children": [
                          {
                            "kind": "TypeNominal",
                            "name": "NSNumber",
                            "printedName": "Foundation.NSNumber",
                            "usr": "c:objc(cs)NSNumber"
                          }
                        ],
                        "usr": "s:Sq"
                      },
                      {
                        "kind": "TypeNominal",
                        "name": "Optional",
                        "printedName": "Flutter.FlutterError?",
                        "children": [
                          {
                            "kind": "TypeNominal",
                            "name": "FlutterError",
                            "printedName": "Flutter.FlutterError",
                            "usr": "c:objc(cs)FlutterError"
                          }
                        ],
                        "usr": "s:Sq"
                      }
                    ]
                  }
                ]
              }
            ],
            "declKind": "Func",
            "usr": "c:@CM@camera_avfoundation@objc(cs)CameraPlugin(im)getMaximumExposureOffset:",
            "mangledName": "$s19camera_avfoundation12CameraPluginC24getMaximumExposureOffsetyyySo8NSNumberCSg_So12FlutterErrorCSgtcF",
            "moduleName": "camera_avfoundation",
            "objc_name": "getMaximumExposureOffset:",
            "declAttributes": [
              "Final",
              "ObjC",
              "AccessControl"
            ],
            "isFromExtension": true,
            "funcSelfKind": "NonMutating"
          },
          {
            "kind": "Function",
            "name": "setExposureOffset",
            "printedName": "setExposureOffset(_:completion:)",
            "children": [
              {
                "kind": "TypeNominal",
                "name": "Void",
                "printedName": "()"
              },
              {
                "kind": "TypeNominal",
                "name": "Double",
                "printedName": "Swift.Double",
                "usr": "s:Sd"
              },
              {
                "kind": "TypeFunc",
                "name": "Function",
                "printedName": "(Flutter.FlutterError?) -> ()",
                "children": [
                  {
                    "kind": "TypeNominal",
                    "name": "Void",
                    "printedName": "()"
                  },
                  {
                    "kind": "TypeNominal",
                    "name": "Optional",
                    "printedName": "Flutter.FlutterError?",
                    "children": [
                      {
                        "kind": "TypeNominal",
                        "name": "FlutterError",
                        "printedName": "Flutter.FlutterError",
                        "usr": "c:objc(cs)FlutterError"
                      }
                    ],
                    "usr": "s:Sq"
                  }
                ]
              }
            ],
            "declKind": "Func",
            "usr": "c:@CM@camera_avfoundation@objc(cs)CameraPlugin(im)setExposureOffset:completion:",
            "mangledName": "$s19camera_avfoundation12CameraPluginC17setExposureOffset_10completionySd_ySo12FlutterErrorCSgctF",
            "moduleName": "camera_avfoundation",
            "objc_name": "setExposureOffset:completion:",
            "declAttributes": [
              "Final",
              "ObjC",
              "AccessControl"
            ],
            "isFromExtension": true,
            "funcSelfKind": "NonMutating"
          },
          {
            "kind": "Function",
            "name": "setFocusMode",
            "printedName": "setFocusMode(_:completion:)",
            "children": [
              {
                "kind": "TypeNominal",
                "name": "Void",
                "printedName": "()"
              },
              {
                "kind": "TypeNominal",
                "name": "FCPPlatformFocusMode",
                "printedName": "camera_avfoundation.FCPPlatformFocusMode",
                "usr": "c:@E@FCPPlatformFocusMode"
              },
              {
                "kind": "TypeFunc",
                "name": "Function",
                "printedName": "(Flutter.FlutterError?) -> ()",
                "children": [
                  {
                    "kind": "TypeNominal",
                    "name": "Void",
                    "printedName": "()"
                  },
                  {
                    "kind": "TypeNominal",
                    "name": "Optional",
                    "printedName": "Flutter.FlutterError?",
                    "children": [
                      {
                        "kind": "TypeNominal",
                        "name": "FlutterError",
                        "printedName": "Flutter.FlutterError",
                        "usr": "c:objc(cs)FlutterError"
                      }
                    ],
                    "usr": "s:Sq"
                  }
                ]
              }
            ],
            "declKind": "Func",
            "usr": "c:@CM@camera_avfoundation@objc(cs)CameraPlugin(im)setFocusMode:completion:",
            "mangledName": "$s19camera_avfoundation12CameraPluginC12setFocusMode_10completionySo011FCPPlatformfG0V_ySo12FlutterErrorCSgctF",
            "moduleName": "camera_avfoundation",
            "objc_name": "setFocusMode:completion:",
            "declAttributes": [
              "Final",
              "ObjC",
              "AccessControl"
            ],
            "isFromExtension": true,
            "funcSelfKind": "NonMutating"
          },
          {
            "kind": "Function",
            "name": "setFocus",
            "printedName": "setFocus(_:completion:)",
            "children": [
              {
                "kind": "TypeNominal",
                "name": "Void",
                "printedName": "()"
              },
              {
                "kind": "TypeNominal",
                "name": "Optional",
                "printedName": "camera_avfoundation.FCPPlatformPoint?",
                "children": [
                  {
                    "kind": "TypeNominal",
                    "name": "FCPPlatformPoint",
                    "printedName": "camera_avfoundation.FCPPlatformPoint",
                    "usr": "c:objc(cs)FCPPlatformPoint"
                  }
                ],
                "usr": "s:Sq"
              },
              {
                "kind": "TypeFunc",
                "name": "Function",
                "printedName": "(Flutter.FlutterError?) -> ()",
                "children": [
                  {
                    "kind": "TypeNominal",
                    "name": "Void",
                    "printedName": "()"
                  },
                  {
                    "kind": "TypeNominal",
                    "name": "Optional",
                    "printedName": "Flutter.FlutterError?",
                    "children": [
                      {
                        "kind": "TypeNominal",
                        "name": "FlutterError",
                        "printedName": "Flutter.FlutterError",
                        "usr": "c:objc(cs)FlutterError"
                      }
                    ],
                    "usr": "s:Sq"
                  }
                ]
              }
            ],
            "declKind": "Func",
            "usr": "c:@CM@camera_avfoundation@objc(cs)CameraPlugin(im)setFocusPoint:completion:",
            "mangledName": "$s19camera_avfoundation12CameraPluginC8setFocus_10completionySo16FCPPlatformPointCSg_ySo12FlutterErrorCSgctF",
            "moduleName": "camera_avfoundation",
            "objc_name": "setFocusPoint:completion:",
            "declAttributes": [
              "Final",
              "ObjC",
              "AccessControl"
            ],
            "isFromExtension": true,
            "funcSelfKind": "NonMutating"
          },
          {
            "kind": "Function",
            "name": "getMinimumZoomLevel",
            "printedName": "getMinimumZoomLevel(_:)",
            "children": [
              {
                "kind": "TypeNominal",
                "name": "Void",
                "printedName": "()"
              },
              {
                "kind": "TypeFunc",
                "name": "Function",
                "printedName": "(Foundation.NSNumber?, Flutter.FlutterError?) -> ()",
                "children": [
                  {
                    "kind": "TypeNominal",
                    "name": "Void",
                    "printedName": "()"
                  },
                  {
                    "kind": "TypeNominal",
                    "name": "Tuple",
                    "printedName": "(Foundation.NSNumber?, Flutter.FlutterError?)",
                    "children": [
                      {
                        "kind": "TypeNominal",
                        "name": "Optional",
                        "printedName": "Foundation.NSNumber?",
                        "children": [
                          {
                            "kind": "TypeNominal",
                            "name": "NSNumber",
                            "printedName": "Foundation.NSNumber",
                            "usr": "c:objc(cs)NSNumber"
                          }
                        ],
                        "usr": "s:Sq"
                      },
                      {
                        "kind": "TypeNominal",
                        "name": "Optional",
                        "printedName": "Flutter.FlutterError?",
                        "children": [
                          {
                            "kind": "TypeNominal",
                            "name": "FlutterError",
                            "printedName": "Flutter.FlutterError",
                            "usr": "c:objc(cs)FlutterError"
                          }
                        ],
                        "usr": "s:Sq"
                      }
                    ]
                  }
                ]
              }
            ],
            "declKind": "Func",
            "usr": "c:@CM@camera_avfoundation@objc(cs)CameraPlugin(im)getMinimumZoomLevel:",
            "mangledName": "$s19camera_avfoundation12CameraPluginC19getMinimumZoomLevelyyySo8NSNumberCSg_So12FlutterErrorCSgtcF",
            "moduleName": "camera_avfoundation",
            "objc_name": "getMinimumZoomLevel:",
            "declAttributes": [
              "Final",
              "ObjC",
              "AccessControl"
            ],
            "isFromExtension": true,
            "funcSelfKind": "NonMutating"
          },
          {
            "kind": "Function",
            "name": "getMaximumZoomLevel",
            "printedName": "getMaximumZoomLevel(_:)",
            "children": [
              {
                "kind": "TypeNominal",
                "name": "Void",
                "printedName": "()"
              },
              {
                "kind": "TypeFunc",
                "name": "Function",
                "printedName": "(Foundation.NSNumber?, Flutter.FlutterError?) -> ()",
                "children": [
                  {
                    "kind": "TypeNominal",
                    "name": "Void",
                    "printedName": "()"
                  },
                  {
                    "kind": "TypeNominal",
                    "name": "Tuple",
                    "printedName": "(Foundation.NSNumber?, Flutter.FlutterError?)",
                    "children": [
                      {
                        "kind": "TypeNominal",
                        "name": "Optional",
                        "printedName": "Foundation.NSNumber?",
                        "children": [
                          {
                            "kind": "TypeNominal",
                            "name": "NSNumber",
                            "printedName": "Foundation.NSNumber",
                            "usr": "c:objc(cs)NSNumber"
                          }
                        ],
                        "usr": "s:Sq"
                      },
                      {
                        "kind": "TypeNominal",
                        "name": "Optional",
                        "printedName": "Flutter.FlutterError?",
                        "children": [
                          {
                            "kind": "TypeNominal",
                            "name": "FlutterError",
                            "printedName": "Flutter.FlutterError",
                            "usr": "c:objc(cs)FlutterError"
                          }
                        ],
                        "usr": "s:Sq"
                      }
                    ]
                  }
                ]
              }
            ],
            "declKind": "Func",
            "usr": "c:@CM@camera_avfoundation@objc(cs)CameraPlugin(im)getMaximumZoomLevel:",
            "mangledName": "$s19camera_avfoundation12CameraPluginC19getMaximumZoomLevelyyySo8NSNumberCSg_So12FlutterErrorCSgtcF",
            "moduleName": "camera_avfoundation",
            "objc_name": "getMaximumZoomLevel:",
            "declAttributes": [
              "Final",
              "ObjC",
              "AccessControl"
            ],
            "isFromExtension": true,
            "funcSelfKind": "NonMutating"
          },
          {
            "kind": "Function",
            "name": "setZoomLevel",
            "printedName": "setZoomLevel(_:completion:)",
            "children": [
              {
                "kind": "TypeNominal",
                "name": "Void",
                "printedName": "()"
              },
              {
                "kind": "TypeNominal",
                "name": "Double",
                "printedName": "Swift.Double",
                "usr": "s:Sd"
              },
              {
                "kind": "TypeFunc",
                "name": "Function",
                "printedName": "(Flutter.FlutterError?) -> ()",
                "children": [
                  {
                    "kind": "TypeNominal",
                    "name": "Void",
                    "printedName": "()"
                  },
                  {
                    "kind": "TypeNominal",
                    "name": "Optional",
                    "printedName": "Flutter.FlutterError?",
                    "children": [
                      {
                        "kind": "TypeNominal",
                        "name": "FlutterError",
                        "printedName": "Flutter.FlutterError",
                        "usr": "c:objc(cs)FlutterError"
                      }
                    ],
                    "usr": "s:Sq"
                  }
                ]
              }
            ],
            "declKind": "Func",
            "usr": "c:@CM@camera_avfoundation@objc(cs)CameraPlugin(im)setZoomLevel:completion:",
            "mangledName": "$s19camera_avfoundation12CameraPluginC12setZoomLevel_10completionySd_ySo12FlutterErrorCSgctF",
            "moduleName": "camera_avfoundation",
            "objc_name": "setZoomLevel:completion:",
            "declAttributes": [
              "Final",
              "ObjC",
              "AccessControl"
            ],
            "isFromExtension": true,
            "funcSelfKind": "NonMutating"
          },
          {
            "kind": "Function",
            "name": "pausePreview",
            "printedName": "pausePreview(completion:)",
            "children": [
              {
                "kind": "TypeNominal",
                "name": "Void",
                "printedName": "()"
              },
              {
                "kind": "TypeFunc",
                "name": "Function",
                "printedName": "(Flutter.FlutterError?) -> ()",
                "children": [
                  {
                    "kind": "TypeNominal",
                    "name": "Void",
                    "printedName": "()"
                  },
                  {
                    "kind": "TypeNominal",
                    "name": "Optional",
                    "printedName": "Flutter.FlutterError?",
                    "children": [
                      {
                        "kind": "TypeNominal",
                        "name": "FlutterError",
                        "printedName": "Flutter.FlutterError",
                        "usr": "c:objc(cs)FlutterError"
                      }
                    ],
                    "usr": "s:Sq"
                  }
                ]
              }
            ],
            "declKind": "Func",
            "usr": "c:@CM@camera_avfoundation@objc(cs)CameraPlugin(im)pausePreviewWithCompletion:",
            "mangledName": "$s19camera_avfoundation12CameraPluginC12pausePreview10completionyySo12FlutterErrorCSgc_tF",
            "moduleName": "camera_avfoundation",
            "objc_name": "pausePreviewWithCompletion:",
            "declAttributes": [
              "Final",
              "ObjC",
              "AccessControl"
            ],
            "isFromExtension": true,
            "funcSelfKind": "NonMutating"
          },
          {
            "kind": "Function",
            "name": "resumePreview",
            "printedName": "resumePreview(completion:)",
            "children": [
              {
                "kind": "TypeNominal",
                "name": "Void",
                "printedName": "()"
              },
              {
                "kind": "TypeFunc",
                "name": "Function",
                "printedName": "(Flutter.FlutterError?) -> ()",
                "children": [
                  {
                    "kind": "TypeNominal",
                    "name": "Void",
                    "printedName": "()"
                  },
                  {
                    "kind": "TypeNominal",
                    "name": "Optional",
                    "printedName": "Flutter.FlutterError?",
                    "children": [
                      {
                        "kind": "TypeNominal",
                        "name": "FlutterError",
                        "printedName": "Flutter.FlutterError",
                        "usr": "c:objc(cs)FlutterError"
                      }
                    ],
                    "usr": "s:Sq"
                  }
                ]
              }
            ],
            "declKind": "Func",
            "usr": "c:@CM@camera_avfoundation@objc(cs)CameraPlugin(im)resumePreviewWithCompletion:",
            "mangledName": "$s19camera_avfoundation12CameraPluginC13resumePreview10completionyySo12FlutterErrorCSgc_tF",
            "moduleName": "camera_avfoundation",
            "objc_name": "resumePreviewWithCompletion:",
            "declAttributes": [
              "Final",
              "ObjC",
              "AccessControl"
            ],
            "isFromExtension": true,
            "funcSelfKind": "NonMutating"
          },
          {
            "kind": "Function",
            "name": "updateDescriptionWhileRecordingCameraName",
            "printedName": "updateDescriptionWhileRecordingCameraName(_:completion:)",
            "children": [
              {
                "kind": "TypeNominal",
                "name": "Void",
                "printedName": "()"
              },
              {
                "kind": "TypeNominal",
                "name": "String",
                "printedName": "Swift.String",
                "usr": "s:SS"
              },
              {
                "kind": "TypeFunc",
                "name": "Function",
                "printedName": "(Flutter.FlutterError?) -> ()",
                "children": [
                  {
                    "kind": "TypeNominal",
                    "name": "Void",
                    "printedName": "()"
                  },
                  {
                    "kind": "TypeNominal",
                    "name": "Optional",
                    "printedName": "Flutter.FlutterError?",
                    "children": [
                      {
                        "kind": "TypeNominal",
                        "name": "FlutterError",
                        "printedName": "Flutter.FlutterError",
                        "usr": "c:objc(cs)FlutterError"
                      }
                    ],
                    "usr": "s:Sq"
                  }
                ]
              }
            ],
            "declKind": "Func",
            "usr": "c:@CM@camera_avfoundation@objc(cs)CameraPlugin(im)updateDescriptionWhileRecordingCameraName:completion:",
            "mangledName": "$s19camera_avfoundation12CameraPluginC031updateDescriptionWhileRecordingC4Name_10completionySS_ySo12FlutterErrorCSgctF",
            "moduleName": "camera_avfoundation",
            "objc_name": "updateDescriptionWhileRecordingCameraName:completion:",
            "declAttributes": [
              "Final",
              "ObjC",
              "AccessControl"
            ],
            "isFromExtension": true,
            "funcSelfKind": "NonMutating"
          },
          {
            "kind": "Function",
            "name": "setImageFileFormat",
            "printedName": "setImageFileFormat(_:completion:)",
            "children": [
              {
                "kind": "TypeNominal",
                "name": "Void",
                "printedName": "()"
              },
              {
                "kind": "TypeNominal",
                "name": "FCPPlatformImageFileFormat",
                "printedName": "camera_avfoundation.FCPPlatformImageFileFormat",
                "usr": "c:@E@FCPPlatformImageFileFormat"
              },
              {
                "kind": "TypeFunc",
                "name": "Function",
                "printedName": "(Flutter.FlutterError?) -> ()",
                "children": [
                  {
                    "kind": "TypeNominal",
                    "name": "Void",
                    "printedName": "()"
                  },
                  {
                    "kind": "TypeNominal",
                    "name": "Optional",
                    "printedName": "Flutter.FlutterError?",
                    "children": [
                      {
                        "kind": "TypeNominal",
                        "name": "FlutterError",
                        "printedName": "Flutter.FlutterError",
                        "usr": "c:objc(cs)FlutterError"
                      }
                    ],
                    "usr": "s:Sq"
                  }
                ]
              }
            ],
            "declKind": "Func",
            "usr": "c:@CM@camera_avfoundation@objc(cs)CameraPlugin(im)setImageFileFormat:completion:",
            "mangledName": "$s19camera_avfoundation12CameraPluginC18setImageFileFormat_10completionySo011FCPPlatformfgH0V_ySo12FlutterErrorCSgctF",
            "moduleName": "camera_avfoundation",
            "objc_name": "setImageFileFormat:completion:",
            "declAttributes": [
              "Final",
              "ObjC",
              "AccessControl"
            ],
            "isFromExtension": true,
            "funcSelfKind": "NonMutating"
          }
        ],
        "declKind": "Class",
        "usr": "c:@M@camera_avfoundation@objc(cs)CameraPlugin",
        "mangledName": "$s19camera_avfoundation12CameraPluginC",
        "moduleName": "camera_avfoundation",
        "declAttributes": [
          "Final",
          "AccessControl",
          "ObjC"
        ],
        "superclassUsr": "c:objc(cs)NSObject",
        "hasMissingDesignatedInitializers": true,
        "superclassNames": [
          "ObjectiveC.NSObject"
        ],
        "conformances": [
          {
            "kind": "Conformance",
            "name": "Copyable",
            "printedName": "Copyable",
            "usr": "s:s8CopyableP",
            "mangledName": "$ss8CopyableP"
          },
          {
            "kind": "Conformance",
            "name": "Escapable",
            "printedName": "Escapable",
            "usr": "s:s9EscapableP",
            "mangledName": "$ss9EscapableP"
          },
          {
            "kind": "Conformance",
            "name": "Equatable",
            "printedName": "Equatable",
            "usr": "s:SQ",
            "mangledName": "$sSQ"
          },
          {
            "kind": "Conformance",
            "name": "Hashable",
            "printedName": "Hashable",
            "usr": "s:SH",
            "mangledName": "$sSH"
          },
          {
            "kind": "Conformance",
            "name": "CVarArg",
            "printedName": "CVarArg",
            "usr": "s:s7CVarArgP",
            "mangledName": "$ss7CVarArgP"
          },
          {
            "kind": "Conformance",
            "name": "_KeyValueCodingAndObservingPublishing",
            "printedName": "_KeyValueCodingAndObservingPublishing",
            "usr": "s:10Foundation37_KeyValueCodingAndObservingPublishingP",
            "mangledName": "$s10Foundation37_KeyValueCodingAndObservingPublishingP"
          },
          {
            "kind": "Conformance",
            "name": "_KeyValueCodingAndObserving",
            "printedName": "_KeyValueCodingAndObserving",
            "usr": "s:10Foundation27_KeyValueCodingAndObservingP",
            "mangledName": "$s10Foundation27_KeyValueCodingAndObservingP"
          },
          {
            "kind": "Conformance",
            "name": "CustomStringConvertible",
            "printedName": "CustomStringConvertible",
            "usr": "s:s23CustomStringConvertibleP",
            "mangledName": "$ss23CustomStringConvertibleP"
          },
          {
            "kind": "Conformance",
            "name": "CustomDebugStringConvertible",
            "printedName": "CustomDebugStringConvertible",
            "usr": "s:s28CustomDebugStringConvertibleP",
            "mangledName": "$ss28CustomDebugStringConvertibleP"
          }
        ]
      },
      {
        "kind": "Import",
        "name": "CoreMotion",
        "printedName": "CoreMotion",
        "declKind": "Import",
        "moduleName": "camera_avfoundation",
        "declAttributes": [
          "RawDocComment"
        ]
      },
      {
        "kind": "Import",
        "name": "Dispatch",
        "printedName": "Dispatch",
        "declKind": "Import",
        "moduleName": "camera_avfoundation",
        "declAttributes": [
          "RawDocComment"
        ]
      }
    ],
    "json_format_version": 8
  },
  "ConstValues": [
    {
      "filePath": "\/Users\/sak\/.pub-cache\/hosted\/pub.dev\/camera_avfoundation-0.9.21+2\/ios\/camera_avfoundation\/Sources\/camera_avfoundation\/DefaultCamera.swift",
      "kind": "BooleanLiteral",
      "offset": 692,
      "length": 5,
      "value": "false"
    },
    {
      "filePath": "\/Users\/sak\/.pub-cache\/hosted\/pub.dev\/camera_avfoundation-0.9.21+2\/ios\/camera_avfoundation\/Sources\/camera_avfoundation\/DefaultCamera.swift",
      "kind": "StringLiteral",
      "offset": 1537,
      "length": 51,
      "value": "\"io.flutter.camera.pixelBufferSynchronizationQueue\""
    },
    {
      "filePath": "\/Users\/sak\/.pub-cache\/hosted\/pub.dev\/camera_avfoundation-0.9.21+2\/ios\/camera_avfoundation\/Sources\/camera_avfoundation\/DefaultCamera.swift",
      "kind": "StringLiteral",
      "offset": 1813,
      "length": 32,
      "value": "\"io.flutter.camera.photoIOQueue\""
    },
    {
      "filePath": "\/Users\/sak\/.pub-cache\/hosted\/pub.dev\/camera_avfoundation-0.9.21+2\/ios\/camera_avfoundation\/Sources\/camera_avfoundation\/DefaultCamera.swift",
      "kind": "BooleanLiteral",
      "offset": 3738,
      "length": 5,
      "value": "false"
    },
    {
      "filePath": "\/Users\/sak\/.pub-cache\/hosted\/pub.dev\/camera_avfoundation-0.9.21+2\/ios\/camera_avfoundation\/Sources\/camera_avfoundation\/DefaultCamera.swift",
      "kind": "BooleanLiteral",
      "offset": 3779,
      "length": 5,
      "value": "false"
    },
    {
      "filePath": "\/Users\/sak\/.pub-cache\/hosted\/pub.dev\/camera_avfoundation-0.9.21+2\/ios\/camera_avfoundation\/Sources\/camera_avfoundation\/DefaultCamera.swift",
      "kind": "BooleanLiteral",
      "offset": 3821,
      "length": 5,
      "value": "false"
    },
    {
      "filePath": "\/Users\/sak\/.pub-cache\/hosted\/pub.dev\/camera_avfoundation-0.9.21+2\/ios\/camera_avfoundation\/Sources\/camera_avfoundation\/DefaultCamera.swift",
      "kind": "BooleanLiteral",
      "offset": 3863,
      "length": 5,
      "value": "false"
    },
    {
      "filePath": "\/Users\/sak\/.pub-cache\/hosted\/pub.dev\/camera_avfoundation-0.9.21+2\/ios\/camera_avfoundation\/Sources\/camera_avfoundation\/DefaultCamera.swift",
      "kind": "BooleanLiteral",
      "offset": 3898,
      "length": 5,
      "value": "false"
    },
    {
      "filePath": "\/Users\/sak\/.pub-cache\/hosted\/pub.dev\/camera_avfoundation-0.9.21+2\/ios\/camera_avfoundation\/Sources\/camera_avfoundation\/DefaultCamera.swift",
      "kind": "BooleanLiteral",
      "offset": 4187,
      "length": 5,
      "value": "false"
    },
    {
      "filePath": "\/Users\/sak\/.pub-cache\/hosted\/pub.dev\/camera_avfoundation-0.9.21+2\/ios\/camera_avfoundation\/Sources\/camera_avfoundation\/DefaultCamera.swift",
      "kind": "IntegerLiteral",
      "offset": 4291,
      "length": 1,
      "value": "0"
    },
    {
      "filePath": "\/Users\/sak\/.pub-cache\/hosted\/pub.dev\/camera_avfoundation-0.9.21+2\/ios\/camera_avfoundation\/Sources\/camera_avfoundation\/DefaultCamera.swift",
      "kind": "IntegerLiteral",
      "offset": 4620,
      "length": 1,
      "value": "4"
    },
    {
      "filePath": "\/Users\/sak\/.pub-cache\/hosted\/pub.dev\/camera_avfoundation-0.9.21+2\/ios\/camera_avfoundation\/Sources\/camera_avfoundation\/QueueUtils.swift",
      "kind": "StringLiteral",
      "offset": 369,
      "length": 23,
      "value": "\"capture_session_queue\""
    }
  ]
}