{
  "ABIRoot": {
    "kind": "Root",
    "name": "url_launcher_ios",
    "printedName": "url_launcher_ios",
    "children": [
      {
        "kind": "Import",
        "name": "UIKit",
        "printedName": "UIKit",
        "declKind": "Import",
        "moduleName": "url_launcher_ios",
        "declAttributes": [
          "RawDocComment"
        ]
      },
      {
        "kind": "Import",
        "name": "Foundation",
        "printedName": "Foundation",
        "declKind": "Import",
        "moduleName": "url_launcher_ios",
        "declAttributes": [
          "RawDocComment"
        ]
      },
      {
        "kind": "Import",
        "name": "Flutter",
        "printedName": "Flutter",
        "declKind": "Import",
        "moduleName": "url_launcher_ios"
      },
      {
        "kind": "Import",
        "name": "Flutter",
        "printedName": "Flutter",
        "declKind": "Import",
        "moduleName": "url_launcher_ios",
        "declAttributes": [
          "RawDocComment"
        ]
      },
      {
        "kind": "Import",
        "name": "UIKit",
        "printedName": "UIKit",
        "declKind": "Import",
        "moduleName": "url_launcher_ios"
      },
      {
        "kind": "TypeDecl",
        "name": "URLLauncherPlugin",
        "printedName": "URLLauncherPlugin",
        "children": [
          {
            "kind": "Function",
            "name": "register",
            "printedName": "register(with:)",
            "children": [
              {
                "kind": "TypeNominal",
                "name": "Void",
                "printedName": "()"
              },
              {
                "kind": "TypeNominal",
                "name": "FlutterPluginRegistrar",
                "printedName": "any Flutter.FlutterPluginRegistrar",
                "usr": "c:objc(pl)FlutterPluginRegistrar"
              }
            ],
            "declKind": "Func",
            "usr": "c:@M@url_launcher_ios@objc(cs)URLLauncherPlugin(cm)registerWithRegistrar:",
            "mangledName": "$s16url_launcher_ios17URLLauncherPluginC8register4withySo07FlutterE9Registrar_p_tFZ",
            "moduleName": "url_launcher_ios",
            "static": true,
            "objc_name": "registerWithRegistrar:",
            "declAttributes": [
              "Final",
              "ObjC",
              "AccessControl"
            ],
            "funcSelfKind": "NonMutating"
          },
          {
            "kind": "Constructor",
            "name": "init",
            "printedName": "init()",
            "children": [
              {
                "kind": "TypeNominal",
                "name": "URLLauncherPlugin",
                "printedName": "url_launcher_ios.URLLauncherPlugin",
                "usr": "c:@M@url_launcher_ios@objc(cs)URLLauncherPlugin"
              }
            ],
            "declKind": "Constructor",
            "usr": "c:@M@url_launcher_ios@objc(cs)URLLauncherPlugin(im)init",
            "mangledName": "$s16url_launcher_ios17URLLauncherPluginCACycfc",
            "moduleName": "url_launcher_ios",
            "overriding": true,
            "implicit": true,
            "objc_name": "init",
            "declAttributes": [
              "Dynamic",
              "ObjC",
              "Override"
            ],
            "init_kind": "Designated"
          }
        ],
        "declKind": "Class",
        "usr": "c:@M@url_launcher_ios@objc(cs)URLLauncherPlugin",
        "mangledName": "$s16url_launcher_ios17URLLauncherPluginC",
        "moduleName": "url_launcher_ios",
        "declAttributes": [
          "Final",
          "AccessControl",
          "ObjC"
        ],
        "superclassUsr": "c:objc(cs)NSObject",
        "hasMissingDesignatedInitializers": true,
        "superclassNames": [
          "ObjectiveC.NSObject"
        ],
        "conformances": [
          {
            "kind": "Conformance",
            "name": "Copyable",
            "printedName": "Copyable",
            "usr": "s:s8CopyableP",
            "mangledName": "$ss8CopyableP"
          },
          {
            "kind": "Conformance",
            "name": "Escapable",
            "printedName": "Escapable",
            "usr": "s:s9EscapableP",
            "mangledName": "$ss9EscapableP"
          },
          {
            "kind": "Conformance",
            "name": "Equatable",
            "printedName": "Equatable",
            "usr": "s:SQ",
            "mangledName": "$sSQ"
          },
          {
            "kind": "Conformance",
            "name": "Hashable",
            "printedName": "Hashable",
            "usr": "s:SH",
            "mangledName": "$sSH"
          },
          {
            "kind": "Conformance",
            "name": "CVarArg",
            "printedName": "CVarArg",
            "usr": "s:s7CVarArgP",
            "mangledName": "$ss7CVarArgP"
          },
          {
            "kind": "Conformance",
            "name": "_KeyValueCodingAndObservingPublishing",
            "printedName": "_KeyValueCodingAndObservingPublishing",
            "usr": "s:10Foundation37_KeyValueCodingAndObservingPublishingP",
            "mangledName": "$s10Foundation37_KeyValueCodingAndObservingPublishingP"
          },
          {
            "kind": "Conformance",
            "name": "_KeyValueCodingAndObserving",
            "printedName": "_KeyValueCodingAndObserving",
            "usr": "s:10Foundation27_KeyValueCodingAndObservingP",
            "mangledName": "$s10Foundation27_KeyValueCodingAndObservingP"
          },
          {
            "kind": "Conformance",
            "name": "CustomStringConvertible",
            "printedName": "CustomStringConvertible",
            "usr": "s:s23CustomStringConvertibleP",
            "mangledName": "$ss23CustomStringConvertibleP"
          },
          {
            "kind": "Conformance",
            "name": "CustomDebugStringConvertible",
            "printedName": "CustomDebugStringConvertible",
            "usr": "s:s28CustomDebugStringConvertibleP",
            "mangledName": "$ss28CustomDebugStringConvertibleP"
          }
        ]
      },
      {
        "kind": "Import",
        "name": "Flutter",
        "printedName": "Flutter",
        "declKind": "Import",
        "moduleName": "url_launcher_ios",
        "declAttributes": [
          "RawDocComment"
        ]
      },
      {
        "kind": "Import",
        "name": "SafariServices",
        "printedName": "SafariServices",
        "declKind": "Import",
        "moduleName": "url_launcher_ios"
      }
    ],
    "json_format_version": 8
  },
  "ConstValues": [
    {
      "filePath": "\/Users\/sak\/.pub-cache\/hosted\/pub.dev\/url_launcher_ios-6.3.4\/ios\/url_launcher_ios\/Sources\/url_launcher_ios\/messages.g.swift",
      "kind": "IntegerLiteral",
      "offset": 1757,
      "length": 1,
      "value": "0"
    },
    {
      "filePath": "\/Users\/sak\/.pub-cache\/hosted\/pub.dev\/url_launcher_ios-6.3.4\/ios\/url_launcher_ios\/Sources\/url_launcher_ios\/messages.g.swift",
      "kind": "IntegerLiteral",
      "offset": 1826,
      "length": 1,
      "value": "1"
    },
    {
      "filePath": "\/Users\/sak\/.pub-cache\/hosted\/pub.dev\/url_launcher_ios-6.3.4\/ios\/url_launcher_ios\/Sources\/url_launcher_ios\/messages.g.swift",
      "kind": "IntegerLiteral",
      "offset": 1907,
      "length": 1,
      "value": "2"
    },
    {
      "filePath": "\/Users\/sak\/.pub-cache\/hosted\/pub.dev\/url_launcher_ios-6.3.4\/ios\/url_launcher_ios\/Sources\/url_launcher_ios\/messages.g.swift",
      "kind": "IntegerLiteral",
      "offset": 2060,
      "length": 1,
      "value": "0"
    },
    {
      "filePath": "\/Users\/sak\/.pub-cache\/hosted\/pub.dev\/url_launcher_ios-6.3.4\/ios\/url_launcher_ios\/Sources\/url_launcher_ios\/messages.g.swift",
      "kind": "IntegerLiteral",
      "offset": 2125,
      "length": 1,
      "value": "1"
    },
    {
      "filePath": "\/Users\/sak\/.pub-cache\/hosted\/pub.dev\/url_launcher_ios-6.3.4\/ios\/url_launcher_ios\/Sources\/url_launcher_ios\/messages.g.swift",
      "kind": "IntegerLiteral",
      "offset": 2206,
      "length": 1,
      "value": "2"
    },
    {
      "filePath": "\/Users\/sak\/.pub-cache\/hosted\/pub.dev\/url_launcher_ios-6.3.4\/ios\/url_launcher_ios\/Sources\/url_launcher_ios\/messages.g.swift",
      "kind": "IntegerLiteral",
      "offset": 2275,
      "length": 1,
      "value": "3"
    },
    {
      "filePath": "\/Users\/sak\/.pub-cache\/hosted\/pub.dev\/url_launcher_ios-6.3.4\/ios\/url_launcher_ios\/Sources\/url_launcher_ios\/messages.g.swift",
      "kind": "StringLiteral",
      "offset": 4974,
      "length": 2,
      "value": "\"\""
    },
    {
      "filePath": "\/Users\/sak\/.pub-cache\/hosted\/pub.dev\/url_launcher_ios-6.3.4\/ios\/url_launcher_ios\/Sources\/url_launcher_ios\/URLLaunchSession.swift",
      "kind": "BooleanLiteral",
      "offset": 559,
      "length": 5,
      "value": "false"
    }
  ]
}