[{"family":"MaterialIcons","fonts":[{"asset":"fonts/MaterialIcons-Regular.otf"}]},{"family":"KantumruyPro","fonts":[{"asset":"assets/fonts/khmer/KantumruyPro-ExtraLight.ttf"},{"asset":"assets/fonts/khmer/KantumruyPro-Light.ttf"},{"asset":"assets/fonts/khmer/KantumruyPro-Medium.ttf"},{"asset":"assets/fonts/khmer/KantumruyPro-Regular.ttf"},{"asset":"assets/fonts/khmer/KantumruyPro-Thin.ttf"}]},{"family":"OpenSans","fonts":[{"asset":"assets/fonts/open_san/OpenSans-Italic.ttf"},{"asset":"assets/fonts/open_san/OpenSans-Light.ttf"},{"asset":"assets/fonts/open_san/OpenSans-LightItalic.ttf"},{"asset":"assets/fonts/open_san/OpenSans-Medium.ttf"},{"asset":"assets/fonts/open_san/OpenSans-MediumItalic.ttf"},{"asset":"assets/fonts/open_san/OpenSans-Regular.ttf"}]},{"family":"packages/cupertino_icons/CupertinoIcons","fonts":[{"asset":"packages/cupertino_icons/assets/CupertinoIcons.ttf"}]}]