{
  "ABIRoot": {
    "kind": "Root",
    "name": "shared_preferences_foundation",
    "printedName": "shared_preferences_foundation",
    "children": [
      {
        "kind": "Import",
        "name": "Foundation",
        "printedName": "Foundation",
        "declKind": "Import",
        "moduleName": "shared_preferences_foundation",
        "declAttributes": [
          "RawDocComment"
        ]
      },
      {
        "kind": "Import",
        "name": "Flutter",
        "printedName": "Flutter",
        "declKind": "Import",
        "moduleName": "shared_preferences_foundation"
      },
      {
        "kind": "TypeDecl",
        "name": "PigeonError",
        "printedName": "PigeonError",
        "children": [
          {
            "kind": "Var",
            "name": "code",
            "printedName": "code",
            "children": [
              {
                "kind": "TypeNominal",
                "name": "String",
                "printedName": "Swift.String",
                "usr": "s:SS"
              }
            ],
            "declKind": "Var",
            "usr": "s:29shared_preferences_foundation11PigeonErrorC4codeSSvp",
            "mangledName": "$s29shared_preferences_foundation11PigeonErrorC4codeSSvp",
            "moduleName": "shared_preferences_foundation",
            "declAttributes": [
              "Final",
              "HasStorage"
            ],
            "fixedbinaryorder": 0,
            "isLet": true,
            "hasStorage": true,
            "accessors": [
              {
                "kind": "Accessor",
                "name": "Get",
                "printedName": "Get()",
                "children": [
                  {
                    "kind": "TypeNominal",
                    "name": "String",
                    "printedName": "Swift.String",
                    "usr": "s:SS"
                  }
                ],
                "declKind": "Accessor",
                "usr": "s:29shared_preferences_foundation11PigeonErrorC4codeSSvg",
                "mangledName": "$s29shared_preferences_foundation11PigeonErrorC4codeSSvg",
                "moduleName": "shared_preferences_foundation",
                "implicit": true,
                "declAttributes": [
                  "Transparent",
                  "Final"
                ],
                "accessorKind": "get"
              }
            ]
          },
          {
            "kind": "Var",
            "name": "message",
            "printedName": "message",
            "children": [
              {
                "kind": "TypeNominal",
                "name": "Optional",
                "printedName": "Swift.String?",
                "children": [
                  {
                    "kind": "TypeNominal",
                    "name": "String",
                    "printedName": "Swift.String",
                    "usr": "s:SS"
                  }
                ],
                "usr": "s:Sq"
              }
            ],
            "declKind": "Var",
            "usr": "s:29shared_preferences_foundation11PigeonErrorC7messageSSSgvp",
            "mangledName": "$s29shared_preferences_foundation11PigeonErrorC7messageSSSgvp",
            "moduleName": "shared_preferences_foundation",
            "declAttributes": [
              "Final",
              "HasStorage"
            ],
            "fixedbinaryorder": 1,
            "isLet": true,
            "hasStorage": true,
            "accessors": [
              {
                "kind": "Accessor",
                "name": "Get",
                "printedName": "Get()",
                "children": [
                  {
                    "kind": "TypeNominal",
                    "name": "Optional",
                    "printedName": "Swift.String?",
                    "children": [
                      {
                        "kind": "TypeNominal",
                        "name": "String",
                        "printedName": "Swift.String",
                        "usr": "s:SS"
                      }
                    ],
                    "usr": "s:Sq"
                  }
                ],
                "declKind": "Accessor",
                "usr": "s:29shared_preferences_foundation11PigeonErrorC7messageSSSgvg",
                "mangledName": "$s29shared_preferences_foundation11PigeonErrorC7messageSSSgvg",
                "moduleName": "shared_preferences_foundation",
                "implicit": true,
                "declAttributes": [
                  "Transparent",
                  "Final"
                ],
                "accessorKind": "get"
              }
            ]
          },
          {
            "kind": "Var",
            "name": "details",
            "printedName": "details",
            "children": [
              {
                "kind": "TypeNominal",
                "name": "Optional",
                "printedName": "Any?",
                "children": [
                  {
                    "kind": "TypeNominal",
                    "name": "ProtocolComposition",
                    "printedName": "Any"
                  }
                ],
                "usr": "s:Sq"
              }
            ],
            "declKind": "Var",
            "usr": "s:29shared_preferences_foundation11PigeonErrorC7detailsypSgvp",
            "mangledName": "$s29shared_preferences_foundation11PigeonErrorC7detailsypSgvp",
            "moduleName": "shared_preferences_foundation",
            "declAttributes": [
              "Final",
              "HasStorage"
            ],
            "fixedbinaryorder": 2,
            "isLet": true,
            "hasStorage": true,
            "accessors": [
              {
                "kind": "Accessor",
                "name": "Get",
                "printedName": "Get()",
                "children": [
                  {
                    "kind": "TypeNominal",
                    "name": "Optional",
                    "printedName": "Any?",
                    "children": [
                      {
                        "kind": "TypeNominal",
                        "name": "ProtocolComposition",
                        "printedName": "Any"
                      }
                    ],
                    "usr": "s:Sq"
                  }
                ],
                "declKind": "Accessor",
                "usr": "s:29shared_preferences_foundation11PigeonErrorC7detailsypSgvg",
                "mangledName": "$s29shared_preferences_foundation11PigeonErrorC7detailsypSgvg",
                "moduleName": "shared_preferences_foundation",
                "implicit": true,
                "declAttributes": [
                  "Transparent",
                  "Final"
                ],
                "accessorKind": "get"
              }
            ]
          },
          {
            "kind": "Constructor",
            "name": "init",
            "printedName": "init(code:message:details:)",
            "children": [
              {
                "kind": "TypeNominal",
                "name": "PigeonError",
                "printedName": "shared_preferences_foundation.PigeonError",
                "usr": "s:29shared_preferences_foundation11PigeonErrorC"
              },
              {
                "kind": "TypeNominal",
                "name": "String",
                "printedName": "Swift.String",
                "usr": "s:SS"
              },
              {
                "kind": "TypeNominal",
                "name": "Optional",
                "printedName": "Swift.String?",
                "children": [
                  {
                    "kind": "TypeNominal",
                    "name": "String",
                    "printedName": "Swift.String",
                    "usr": "s:SS"
                  }
                ],
                "usr": "s:Sq"
              },
              {
                "kind": "TypeNominal",
                "name": "Optional",
                "printedName": "Any?",
                "children": [
                  {
                    "kind": "TypeNominal",
                    "name": "ProtocolComposition",
                    "printedName": "Any"
                  }
                ],
                "usr": "s:Sq"
              }
            ],
            "declKind": "Constructor",
            "usr": "s:29shared_preferences_foundation11PigeonErrorC4code7message7detailsACSS_SSSgypSgtcfc",
            "mangledName": "$s29shared_preferences_foundation11PigeonErrorC4code7message7detailsACSS_SSSgypSgtcfc",
            "moduleName": "shared_preferences_foundation",
            "init_kind": "Designated"
          },
          {
            "kind": "Var",
            "name": "localizedDescription",
            "printedName": "localizedDescription",
            "children": [
              {
                "kind": "TypeNominal",
                "name": "String",
                "printedName": "Swift.String",
                "usr": "s:SS"
              }
            ],
            "declKind": "Var",
            "usr": "s:29shared_preferences_foundation11PigeonErrorC20localizedDescriptionSSvp",
            "mangledName": "$s29shared_preferences_foundation11PigeonErrorC20localizedDescriptionSSvp",
            "moduleName": "shared_preferences_foundation",
            "declAttributes": [
              "Final"
            ],
            "accessors": [
              {
                "kind": "Accessor",
                "name": "Get",
                "printedName": "Get()",
                "children": [
                  {
                    "kind": "TypeNominal",
                    "name": "String",
                    "printedName": "Swift.String",
                    "usr": "s:SS"
                  }
                ],
                "declKind": "Accessor",
                "usr": "s:29shared_preferences_foundation11PigeonErrorC20localizedDescriptionSSvg",
                "mangledName": "$s29shared_preferences_foundation11PigeonErrorC20localizedDescriptionSSvg",
                "moduleName": "shared_preferences_foundation",
                "declAttributes": [
                  "Final"
                ],
                "accessorKind": "get"
              }
            ]
          }
        ],
        "declKind": "Class",
        "usr": "s:29shared_preferences_foundation11PigeonErrorC",
        "mangledName": "$s29shared_preferences_foundation11PigeonErrorC",
        "moduleName": "shared_preferences_foundation",
        "declAttributes": [
          "Final",
          "RawDocComment"
        ],
        "conformances": [
          {
            "kind": "Conformance",
            "name": "Copyable",
            "printedName": "Copyable",
            "usr": "s:s8CopyableP",
            "mangledName": "$ss8CopyableP"
          },
          {
            "kind": "Conformance",
            "name": "Escapable",
            "printedName": "Escapable",
            "usr": "s:s9EscapableP",
            "mangledName": "$ss9EscapableP"
          },
          {
            "kind": "Conformance",
            "name": "Error",
            "printedName": "Error",
            "usr": "s:s5ErrorP",
            "mangledName": "$ss5ErrorP"
          },
          {
            "kind": "Conformance",
            "name": "Sendable",
            "printedName": "Sendable",
            "usr": "s:s8SendableP",
            "mangledName": "$ss8SendableP"
          }
        ]
      },
      {
        "kind": "TypeDecl",
        "name": "SharedPreferencesPigeonOptions",
        "printedName": "SharedPreferencesPigeonOptions",
        "children": [
          {
            "kind": "Var",
            "name": "suiteName",
            "printedName": "suiteName",
            "children": [
              {
                "kind": "TypeNominal",
                "name": "Optional",
                "printedName": "Swift.String?",
                "children": [
                  {
                    "kind": "TypeNominal",
                    "name": "String",
                    "printedName": "Swift.String",
                    "usr": "s:SS"
                  }
                ],
                "usr": "s:Sq"
              }
            ],
            "declKind": "Var",
            "usr": "s:29shared_preferences_foundation30SharedPreferencesPigeonOptionsV9suiteNameSSSgvp",
            "mangledName": "$s29shared_preferences_foundation30SharedPreferencesPigeonOptionsV9suiteNameSSSgvp",
            "moduleName": "shared_preferences_foundation",
            "declAttributes": [
              "HasInitialValue",
              "HasStorage"
            ],
            "fixedbinaryorder": 0,
            "hasStorage": true,
            "accessors": [
              {
                "kind": "Accessor",
                "name": "Get",
                "printedName": "Get()",
                "children": [
                  {
                    "kind": "TypeNominal",
                    "name": "Optional",
                    "printedName": "Swift.String?",
                    "children": [
                      {
                        "kind": "TypeNominal",
                        "name": "String",
                        "printedName": "Swift.String",
                        "usr": "s:SS"
                      }
                    ],
                    "usr": "s:Sq"
                  }
                ],
                "declKind": "Accessor",
                "usr": "s:29shared_preferences_foundation30SharedPreferencesPigeonOptionsV9suiteNameSSSgvg",
                "mangledName": "$s29shared_preferences_foundation30SharedPreferencesPigeonOptionsV9suiteNameSSSgvg",
                "moduleName": "shared_preferences_foundation",
                "implicit": true,
                "declAttributes": [
                  "Transparent"
                ],
                "accessorKind": "get"
              },
              {
                "kind": "Accessor",
                "name": "Set",
                "printedName": "Set()",
                "children": [
                  {
                    "kind": "TypeNominal",
                    "name": "Void",
                    "printedName": "()"
                  },
                  {
                    "kind": "TypeNominal",
                    "name": "Optional",
                    "printedName": "Swift.String?",
                    "children": [
                      {
                        "kind": "TypeNominal",
                        "name": "String",
                        "printedName": "Swift.String",
                        "usr": "s:SS"
                      }
                    ],
                    "usr": "s:Sq"
                  }
                ],
                "declKind": "Accessor",
                "usr": "s:29shared_preferences_foundation30SharedPreferencesPigeonOptionsV9suiteNameSSSgvs",
                "mangledName": "$s29shared_preferences_foundation30SharedPreferencesPigeonOptionsV9suiteNameSSSgvs",
                "moduleName": "shared_preferences_foundation",
                "implicit": true,
                "declAttributes": [
                  "Transparent"
                ],
                "accessorKind": "set"
              },
              {
                "kind": "Accessor",
                "name": "Modify",
                "printedName": "Modify()",
                "children": [
                  {
                    "kind": "TypeNominal",
                    "name": "Void",
                    "printedName": "()"
                  }
                ],
                "declKind": "Accessor",
                "usr": "s:29shared_preferences_foundation30SharedPreferencesPigeonOptionsV9suiteNameSSSgvM",
                "mangledName": "$s29shared_preferences_foundation30SharedPreferencesPigeonOptionsV9suiteNameSSSgvM",
                "moduleName": "shared_preferences_foundation",
                "implicit": true,
                "declAttributes": [
                  "Transparent"
                ],
                "accessorKind": "_modify"
              }
            ]
          },
          {
            "kind": "Function",
            "name": "fromList",
            "printedName": "fromList(_:)",
            "children": [
              {
                "kind": "TypeNominal",
                "name": "Optional",
                "printedName": "shared_preferences_foundation.SharedPreferencesPigeonOptions?",
                "children": [
                  {
                    "kind": "TypeNominal",
                    "name": "SharedPreferencesPigeonOptions",
                    "printedName": "shared_preferences_foundation.SharedPreferencesPigeonOptions",
                    "usr": "s:29shared_preferences_foundation30SharedPreferencesPigeonOptionsV"
                  }
                ],
                "usr": "s:Sq"
              },
              {
                "kind": "TypeNominal",
                "name": "Array",
                "printedName": "[Any?]",
                "children": [
                  {
                    "kind": "TypeNominal",
                    "name": "Optional",
                    "printedName": "Any?",
                    "children": [
                      {
                        "kind": "TypeNominal",
                        "name": "ProtocolComposition",
                        "printedName": "Any"
                      }
                    ],
                    "usr": "s:Sq"
                  }
                ],
                "usr": "s:Sa"
              }
            ],
            "declKind": "Func",
            "usr": "s:29shared_preferences_foundation30SharedPreferencesPigeonOptionsV8fromListyACSgSayypSgGFZ",
            "mangledName": "$s29shared_preferences_foundation30SharedPreferencesPigeonOptionsV8fromListyACSgSayypSgGFZ",
            "moduleName": "shared_preferences_foundation",
            "static": true,
            "declAttributes": [
              "RawDocComment"
            ],
            "funcSelfKind": "NonMutating"
          },
          {
            "kind": "Function",
            "name": "toList",
            "printedName": "toList()",
            "children": [
              {
                "kind": "TypeNominal",
                "name": "Array",
                "printedName": "[Any?]",
                "children": [
                  {
                    "kind": "TypeNominal",
                    "name": "Optional",
                    "printedName": "Any?",
                    "children": [
                      {
                        "kind": "TypeNominal",
                        "name": "ProtocolComposition",
                        "printedName": "Any"
                      }
                    ],
                    "usr": "s:Sq"
                  }
                ],
                "usr": "s:Sa"
              }
            ],
            "declKind": "Func",
            "usr": "s:29shared_preferences_foundation30SharedPreferencesPigeonOptionsV6toListSayypSgGyF",
            "mangledName": "$s29shared_preferences_foundation30SharedPreferencesPigeonOptionsV6toListSayypSgGyF",
            "moduleName": "shared_preferences_foundation",
            "funcSelfKind": "NonMutating"
          },
          {
            "kind": "Constructor",
            "name": "init",
            "printedName": "init(suiteName:)",
            "children": [
              {
                "kind": "TypeNominal",
                "name": "SharedPreferencesPigeonOptions",
                "printedName": "shared_preferences_foundation.SharedPreferencesPigeonOptions",
                "usr": "s:29shared_preferences_foundation30SharedPreferencesPigeonOptionsV"
              },
              {
                "kind": "TypeNominal",
                "name": "Optional",
                "printedName": "Swift.String?",
                "children": [
                  {
                    "kind": "TypeNominal",
                    "name": "String",
                    "printedName": "Swift.String",
                    "usr": "s:SS"
                  }
                ],
                "hasDefaultArg": true,
                "usr": "s:Sq"
              }
            ],
            "declKind": "Constructor",
            "usr": "s:29shared_preferences_foundation30SharedPreferencesPigeonOptionsV9suiteNameACSSSg_tcfc",
            "mangledName": "$s29shared_preferences_foundation30SharedPreferencesPigeonOptionsV9suiteNameACSSSg_tcfc",
            "moduleName": "shared_preferences_foundation",
            "implicit": true,
            "init_kind": "Designated"
          },
          {
            "kind": "Constructor",
            "name": "init",
            "printedName": "init()",
            "children": [
              {
                "kind": "TypeNominal",
                "name": "SharedPreferencesPigeonOptions",
                "printedName": "shared_preferences_foundation.SharedPreferencesPigeonOptions",
                "usr": "s:29shared_preferences_foundation30SharedPreferencesPigeonOptionsV"
              }
            ],
            "declKind": "Constructor",
            "usr": "s:29shared_preferences_foundation30SharedPreferencesPigeonOptionsVACycfc",
            "mangledName": "$s29shared_preferences_foundation30SharedPreferencesPigeonOptionsVACycfc",
            "moduleName": "shared_preferences_foundation",
            "implicit": true,
            "init_kind": "Designated"
          }
        ],
        "declKind": "Struct",
        "usr": "s:29shared_preferences_foundation30SharedPreferencesPigeonOptionsV",
        "mangledName": "$s29shared_preferences_foundation30SharedPreferencesPigeonOptionsV",
        "moduleName": "shared_preferences_foundation",
        "declAttributes": [
          "RawDocComment"
        ],
        "conformances": [
          {
            "kind": "Conformance",
            "name": "Copyable",
            "printedName": "Copyable",
            "usr": "s:s8CopyableP",
            "mangledName": "$ss8CopyableP"
          },
          {
            "kind": "Conformance",
            "name": "Escapable",
            "printedName": "Escapable",
            "usr": "s:s9EscapableP",
            "mangledName": "$ss9EscapableP"
          },
          {
            "kind": "Conformance",
            "name": "Sendable",
            "printedName": "Sendable",
            "usr": "s:s8SendableP",
            "mangledName": "$ss8SendableP"
          }
        ]
      },
      {
        "kind": "TypeDecl",
        "name": "MessagesPigeonCodec",
        "printedName": "MessagesPigeonCodec",
        "children": [
          {
            "kind": "Var",
            "name": "shared",
            "printedName": "shared",
            "children": [
              {
                "kind": "TypeNominal",
                "name": "MessagesPigeonCodec",
                "printedName": "shared_preferences_foundation.MessagesPigeonCodec",
                "usr": "c:@M@shared_preferences_foundation@objc(cs)MessagesPigeonCodec"
              }
            ],
            "declKind": "Var",
            "usr": "s:29shared_preferences_foundation19MessagesPigeonCodecC0A0ACvpZ",
            "mangledName": "$s29shared_preferences_foundation19MessagesPigeonCodecC0A0ACvpZ",
            "moduleName": "shared_preferences_foundation",
            "static": true,
            "declAttributes": [
              "HasInitialValue",
              "Final",
              "HasStorage"
            ],
            "isLet": true,
            "hasStorage": true,
            "accessors": [
              {
                "kind": "Accessor",
                "name": "Get",
                "printedName": "Get()",
                "children": [
                  {
                    "kind": "TypeNominal",
                    "name": "MessagesPigeonCodec",
                    "printedName": "shared_preferences_foundation.MessagesPigeonCodec",
                    "usr": "c:@M@shared_preferences_foundation@objc(cs)MessagesPigeonCodec"
                  }
                ],
                "declKind": "Accessor",
                "usr": "s:29shared_preferences_foundation19MessagesPigeonCodecC0A0ACvgZ",
                "mangledName": "$s29shared_preferences_foundation19MessagesPigeonCodecC0A0ACvgZ",
                "moduleName": "shared_preferences_foundation",
                "static": true,
                "implicit": true,
                "declAttributes": [
                  "Final"
                ],
                "accessorKind": "get"
              }
            ]
          },
          {
            "kind": "Constructor",
            "name": "init",
            "printedName": "init()",
            "children": [
              {
                "kind": "TypeNominal",
                "name": "MessagesPigeonCodec",
                "printedName": "shared_preferences_foundation.MessagesPigeonCodec",
                "usr": "c:@M@shared_preferences_foundation@objc(cs)MessagesPigeonCodec"
              }
            ],
            "declKind": "Constructor",
            "usr": "c:@M@shared_preferences_foundation@objc(cs)MessagesPigeonCodec(im)init",
            "mangledName": "$s29shared_preferences_foundation19MessagesPigeonCodecCACycfc",
            "moduleName": "shared_preferences_foundation",
            "overriding": true,
            "implicit": true,
            "objc_name": "init",
            "declAttributes": [
              "Dynamic",
              "ObjC",
              "Override"
            ],
            "init_kind": "Designated"
          }
        ],
        "declKind": "Class",
        "usr": "c:@M@shared_preferences_foundation@objc(cs)MessagesPigeonCodec",
        "mangledName": "$s29shared_preferences_foundation19MessagesPigeonCodecC",
        "moduleName": "shared_preferences_foundation",
        "isOpen": true,
        "declAttributes": [
          "ObjC"
        ],
        "superclassUsr": "c:objc(cs)FlutterStandardMessageCodec",
        "inheritsConvenienceInitializers": true,
        "superclassNames": [
          "Flutter.FlutterStandardMessageCodec",
          "ObjectiveC.NSObject"
        ],
        "conformances": [
          {
            "kind": "Conformance",
            "name": "Sendable",
            "printedName": "Sendable",
            "usr": "s:s8SendableP",
            "mangledName": "$ss8SendableP"
          },
          {
            "kind": "Conformance",
            "name": "Copyable",
            "printedName": "Copyable",
            "usr": "s:s8CopyableP",
            "mangledName": "$ss8CopyableP"
          },
          {
            "kind": "Conformance",
            "name": "Escapable",
            "printedName": "Escapable",
            "usr": "s:s9EscapableP",
            "mangledName": "$ss9EscapableP"
          },
          {
            "kind": "Conformance",
            "name": "Equatable",
            "printedName": "Equatable",
            "usr": "s:SQ",
            "mangledName": "$sSQ"
          },
          {
            "kind": "Conformance",
            "name": "Hashable",
            "printedName": "Hashable",
            "usr": "s:SH",
            "mangledName": "$sSH"
          },
          {
            "kind": "Conformance",
            "name": "CVarArg",
            "printedName": "CVarArg",
            "usr": "s:s7CVarArgP",
            "mangledName": "$ss7CVarArgP"
          },
          {
            "kind": "Conformance",
            "name": "_KeyValueCodingAndObservingPublishing",
            "printedName": "_KeyValueCodingAndObservingPublishing",
            "usr": "s:10Foundation37_KeyValueCodingAndObservingPublishingP",
            "mangledName": "$s10Foundation37_KeyValueCodingAndObservingPublishingP"
          },
          {
            "kind": "Conformance",
            "name": "_KeyValueCodingAndObserving",
            "printedName": "_KeyValueCodingAndObserving",
            "usr": "s:10Foundation27_KeyValueCodingAndObservingP",
            "mangledName": "$s10Foundation27_KeyValueCodingAndObservingP"
          },
          {
            "kind": "Conformance",
            "name": "CustomStringConvertible",
            "printedName": "CustomStringConvertible",
            "usr": "s:s23CustomStringConvertibleP",
            "mangledName": "$ss23CustomStringConvertibleP"
          },
          {
            "kind": "Conformance",
            "name": "CustomDebugStringConvertible",
            "printedName": "CustomDebugStringConvertible",
            "usr": "s:s28CustomDebugStringConvertibleP",
            "mangledName": "$ss28CustomDebugStringConvertibleP"
          }
        ]
      },
      {
        "kind": "TypeDecl",
        "name": "LegacyUserDefaultsApi",
        "printedName": "LegacyUserDefaultsApi",
        "children": [
          {
            "kind": "Function",
            "name": "remove",
            "printedName": "remove(key:)",
            "children": [
              {
                "kind": "TypeNominal",
                "name": "Void",
                "printedName": "()"
              },
              {
                "kind": "TypeNominal",
                "name": "String",
                "printedName": "Swift.String",
                "usr": "s:SS"
              }
            ],
            "declKind": "Func",
            "usr": "s:29shared_preferences_foundation21LegacyUserDefaultsApiP6remove3keyySS_tKF",
            "mangledName": "$s29shared_preferences_foundation21LegacyUserDefaultsApiP6remove3keyySS_tKF",
            "moduleName": "shared_preferences_foundation",
            "genericSig": "<τ_0_0 where τ_0_0 : shared_preferences_foundation.LegacyUserDefaultsApi>",
            "sugared_genericSig": "<Self where Self : shared_preferences_foundation.LegacyUserDefaultsApi>",
            "protocolReq": true,
            "throwing": true,
            "reqNewWitnessTableEntry": true,
            "funcSelfKind": "NonMutating"
          },
          {
            "kind": "Function",
            "name": "setBool",
            "printedName": "setBool(key:value:)",
            "children": [
              {
                "kind": "TypeNominal",
                "name": "Void",
                "printedName": "()"
              },
              {
                "kind": "TypeNominal",
                "name": "String",
                "printedName": "Swift.String",
                "usr": "s:SS"
              },
              {
                "kind": "TypeNominal",
                "name": "Bool",
                "printedName": "Swift.Bool",
                "usr": "s:Sb"
              }
            ],
            "declKind": "Func",
            "usr": "s:29shared_preferences_foundation21LegacyUserDefaultsApiP7setBool3key5valueySS_SbtKF",
            "mangledName": "$s29shared_preferences_foundation21LegacyUserDefaultsApiP7setBool3key5valueySS_SbtKF",
            "moduleName": "shared_preferences_foundation",
            "genericSig": "<τ_0_0 where τ_0_0 : shared_preferences_foundation.LegacyUserDefaultsApi>",
            "sugared_genericSig": "<Self where Self : shared_preferences_foundation.LegacyUserDefaultsApi>",
            "protocolReq": true,
            "throwing": true,
            "reqNewWitnessTableEntry": true,
            "funcSelfKind": "NonMutating"
          },
          {
            "kind": "Function",
            "name": "setDouble",
            "printedName": "setDouble(key:value:)",
            "children": [
              {
                "kind": "TypeNominal",
                "name": "Void",
                "printedName": "()"
              },
              {
                "kind": "TypeNominal",
                "name": "String",
                "printedName": "Swift.String",
                "usr": "s:SS"
              },
              {
                "kind": "TypeNominal",
                "name": "Double",
                "printedName": "Swift.Double",
                "usr": "s:Sd"
              }
            ],
            "declKind": "Func",
            "usr": "s:29shared_preferences_foundation21LegacyUserDefaultsApiP9setDouble3key5valueySS_SdtKF",
            "mangledName": "$s29shared_preferences_foundation21LegacyUserDefaultsApiP9setDouble3key5valueySS_SdtKF",
            "moduleName": "shared_preferences_foundation",
            "genericSig": "<τ_0_0 where τ_0_0 : shared_preferences_foundation.LegacyUserDefaultsApi>",
            "sugared_genericSig": "<Self where Self : shared_preferences_foundation.LegacyUserDefaultsApi>",
            "protocolReq": true,
            "throwing": true,
            "reqNewWitnessTableEntry": true,
            "funcSelfKind": "NonMutating"
          },
          {
            "kind": "Function",
            "name": "setValue",
            "printedName": "setValue(key:value:)",
            "children": [
              {
                "kind": "TypeNominal",
                "name": "Void",
                "printedName": "()"
              },
              {
                "kind": "TypeNominal",
                "name": "String",
                "printedName": "Swift.String",
                "usr": "s:SS"
              },
              {
                "kind": "TypeNominal",
                "name": "ProtocolComposition",
                "printedName": "Any"
              }
            ],
            "declKind": "Func",
            "usr": "s:29shared_preferences_foundation21LegacyUserDefaultsApiP8setValue3key5valueySS_yptKF",
            "mangledName": "$s29shared_preferences_foundation21LegacyUserDefaultsApiP8setValue3key5valueySS_yptKF",
            "moduleName": "shared_preferences_foundation",
            "genericSig": "<τ_0_0 where τ_0_0 : shared_preferences_foundation.LegacyUserDefaultsApi>",
            "sugared_genericSig": "<Self where Self : shared_preferences_foundation.LegacyUserDefaultsApi>",
            "protocolReq": true,
            "throwing": true,
            "reqNewWitnessTableEntry": true,
            "funcSelfKind": "NonMutating"
          },
          {
            "kind": "Function",
            "name": "getAll",
            "printedName": "getAll(prefix:allowList:)",
            "children": [
              {
                "kind": "TypeNominal",
                "name": "Dictionary",
                "printedName": "[Swift.String : Any]",
                "children": [
                  {
                    "kind": "TypeNominal",
                    "name": "String",
                    "printedName": "Swift.String",
                    "usr": "s:SS"
                  },
                  {
                    "kind": "TypeNominal",
                    "name": "ProtocolComposition",
                    "printedName": "Any"
                  }
                ],
                "usr": "s:SD"
              },
              {
                "kind": "TypeNominal",
                "name": "String",
                "printedName": "Swift.String",
                "usr": "s:SS"
              },
              {
                "kind": "TypeNominal",
                "name": "Optional",
                "printedName": "[Swift.String]?",
                "children": [
                  {
                    "kind": "TypeNominal",
                    "name": "Array",
                    "printedName": "[Swift.String]",
                    "children": [
                      {
                        "kind": "TypeNominal",
                        "name": "String",
                        "printedName": "Swift.String",
                        "usr": "s:SS"
                      }
                    ],
                    "usr": "s:Sa"
                  }
                ],
                "usr": "s:Sq"
              }
            ],
            "declKind": "Func",
            "usr": "s:29shared_preferences_foundation21LegacyUserDefaultsApiP6getAll6prefix9allowListSDySSypGSS_SaySSGSgtKF",
            "mangledName": "$s29shared_preferences_foundation21LegacyUserDefaultsApiP6getAll6prefix9allowListSDySSypGSS_SaySSGSgtKF",
            "moduleName": "shared_preferences_foundation",
            "genericSig": "<τ_0_0 where τ_0_0 : shared_preferences_foundation.LegacyUserDefaultsApi>",
            "sugared_genericSig": "<Self where Self : shared_preferences_foundation.LegacyUserDefaultsApi>",
            "protocolReq": true,
            "throwing": true,
            "reqNewWitnessTableEntry": true,
            "funcSelfKind": "NonMutating"
          },
          {
            "kind": "Function",
            "name": "clear",
            "printedName": "clear(prefix:allowList:)",
            "children": [
              {
                "kind": "TypeNominal",
                "name": "Bool",
                "printedName": "Swift.Bool",
                "usr": "s:Sb"
              },
              {
                "kind": "TypeNominal",
                "name": "String",
                "printedName": "Swift.String",
                "usr": "s:SS"
              },
              {
                "kind": "TypeNominal",
                "name": "Optional",
                "printedName": "[Swift.String]?",
                "children": [
                  {
                    "kind": "TypeNominal",
                    "name": "Array",
                    "printedName": "[Swift.String]",
                    "children": [
                      {
                        "kind": "TypeNominal",
                        "name": "String",
                        "printedName": "Swift.String",
                        "usr": "s:SS"
                      }
                    ],
                    "usr": "s:Sa"
                  }
                ],
                "usr": "s:Sq"
              }
            ],
            "declKind": "Func",
            "usr": "s:29shared_preferences_foundation21LegacyUserDefaultsApiP5clear6prefix9allowListSbSS_SaySSGSgtKF",
            "mangledName": "$s29shared_preferences_foundation21LegacyUserDefaultsApiP5clear6prefix9allowListSbSS_SaySSGSgtKF",
            "moduleName": "shared_preferences_foundation",
            "genericSig": "<τ_0_0 where τ_0_0 : shared_preferences_foundation.LegacyUserDefaultsApi>",
            "sugared_genericSig": "<Self where Self : shared_preferences_foundation.LegacyUserDefaultsApi>",
            "protocolReq": true,
            "throwing": true,
            "reqNewWitnessTableEntry": true,
            "funcSelfKind": "NonMutating"
          }
        ],
        "declKind": "Protocol",
        "usr": "s:29shared_preferences_foundation21LegacyUserDefaultsApiP",
        "mangledName": "$s29shared_preferences_foundation21LegacyUserDefaultsApiP",
        "moduleName": "shared_preferences_foundation",
        "declAttributes": [
          "RawDocComment"
        ],
        "conformances": [
          {
            "kind": "Conformance",
            "name": "Escapable",
            "printedName": "Escapable",
            "usr": "s:s9EscapableP",
            "mangledName": "$ss9EscapableP"
          },
          {
            "kind": "Conformance",
            "name": "Copyable",
            "printedName": "Copyable",
            "usr": "s:s8CopyableP",
            "mangledName": "$ss8CopyableP"
          }
        ]
      },
      {
        "kind": "TypeDecl",
        "name": "LegacyUserDefaultsApiSetup",
        "printedName": "LegacyUserDefaultsApiSetup",
        "children": [
          {
            "kind": "Var",
            "name": "codec",
            "printedName": "codec",
            "children": [
              {
                "kind": "TypeNominal",
                "name": "FlutterStandardMessageCodec",
                "printedName": "Flutter.FlutterStandardMessageCodec",
                "usr": "c:objc(cs)FlutterStandardMessageCodec"
              }
            ],
            "declKind": "Var",
            "usr": "s:29shared_preferences_foundation26LegacyUserDefaultsApiSetupC5codecSo27FlutterStandardMessageCodecCvpZ",
            "mangledName": "$s29shared_preferences_foundation26LegacyUserDefaultsApiSetupC5codecSo27FlutterStandardMessageCodecCvpZ",
            "moduleName": "shared_preferences_foundation",
            "static": true,
            "declAttributes": [
              "Final"
            ],
            "accessors": [
              {
                "kind": "Accessor",
                "name": "Get",
                "printedName": "Get()",
                "children": [
                  {
                    "kind": "TypeNominal",
                    "name": "FlutterStandardMessageCodec",
                    "printedName": "Flutter.FlutterStandardMessageCodec",
                    "usr": "c:objc(cs)FlutterStandardMessageCodec"
                  }
                ],
                "declKind": "Accessor",
                "usr": "s:29shared_preferences_foundation26LegacyUserDefaultsApiSetupC5codecSo27FlutterStandardMessageCodecCvgZ",
                "mangledName": "$s29shared_preferences_foundation26LegacyUserDefaultsApiSetupC5codecSo27FlutterStandardMessageCodecCvgZ",
                "moduleName": "shared_preferences_foundation",
                "static": true,
                "declAttributes": [
                  "Final"
                ],
                "accessorKind": "get"
              }
            ]
          },
          {
            "kind": "Function",
            "name": "setUp",
            "printedName": "setUp(binaryMessenger:api:messageChannelSuffix:)",
            "children": [
              {
                "kind": "TypeNominal",
                "name": "Void",
                "printedName": "()"
              },
              {
                "kind": "TypeNominal",
                "name": "FlutterBinaryMessenger",
                "printedName": "any Flutter.FlutterBinaryMessenger",
                "usr": "c:objc(pl)FlutterBinaryMessenger"
              },
              {
                "kind": "TypeNominal",
                "name": "Optional",
                "printedName": "(any shared_preferences_foundation.LegacyUserDefaultsApi)?",
                "children": [
                  {
                    "kind": "TypeNominal",
                    "name": "LegacyUserDefaultsApi",
                    "printedName": "any shared_preferences_foundation.LegacyUserDefaultsApi",
                    "usr": "s:29shared_preferences_foundation21LegacyUserDefaultsApiP"
                  }
                ],
                "usr": "s:Sq"
              },
              {
                "kind": "TypeNominal",
                "name": "String",
                "printedName": "Swift.String",
                "hasDefaultArg": true,
                "usr": "s:SS"
              }
            ],
            "declKind": "Func",
            "usr": "s:29shared_preferences_foundation26LegacyUserDefaultsApiSetupC5setUp15binaryMessenger3api20messageChannelSuffixySo013FlutterBinaryL0_p_AA0defG0_pSgSStFZ",
            "mangledName": "$s29shared_preferences_foundation26LegacyUserDefaultsApiSetupC5setUp15binaryMessenger3api20messageChannelSuffixySo013FlutterBinaryL0_p_AA0defG0_pSgSStFZ",
            "moduleName": "shared_preferences_foundation",
            "static": true,
            "declAttributes": [
              "Final",
              "RawDocComment"
            ],
            "funcSelfKind": "NonMutating"
          },
          {
            "kind": "Constructor",
            "name": "init",
            "printedName": "init()",
            "children": [
              {
                "kind": "TypeNominal",
                "name": "LegacyUserDefaultsApiSetup",
                "printedName": "shared_preferences_foundation.LegacyUserDefaultsApiSetup",
                "usr": "s:29shared_preferences_foundation26LegacyUserDefaultsApiSetupC"
              }
            ],
            "declKind": "Constructor",
            "usr": "s:29shared_preferences_foundation26LegacyUserDefaultsApiSetupCACycfc",
            "mangledName": "$s29shared_preferences_foundation26LegacyUserDefaultsApiSetupCACycfc",
            "moduleName": "shared_preferences_foundation",
            "implicit": true,
            "init_kind": "Designated"
          }
        ],
        "declKind": "Class",
        "usr": "s:29shared_preferences_foundation26LegacyUserDefaultsApiSetupC",
        "mangledName": "$s29shared_preferences_foundation26LegacyUserDefaultsApiSetupC",
        "moduleName": "shared_preferences_foundation",
        "isOpen": true,
        "declAttributes": [
          "RawDocComment"
        ],
        "conformances": [
          {
            "kind": "Conformance",
            "name": "Copyable",
            "printedName": "Copyable",
            "usr": "s:s8CopyableP",
            "mangledName": "$ss8CopyableP"
          },
          {
            "kind": "Conformance",
            "name": "Escapable",
            "printedName": "Escapable",
            "usr": "s:s9EscapableP",
            "mangledName": "$ss9EscapableP"
          }
        ]
      },
      {
        "kind": "TypeDecl",
        "name": "UserDefaultsApi",
        "printedName": "UserDefaultsApi",
        "children": [
          {
            "kind": "Function",
            "name": "set",
            "printedName": "set(key:value:options:)",
            "children": [
              {
                "kind": "TypeNominal",
                "name": "Void",
                "printedName": "()"
              },
              {
                "kind": "TypeNominal",
                "name": "String",
                "printedName": "Swift.String",
                "usr": "s:SS"
              },
              {
                "kind": "TypeNominal",
                "name": "ProtocolComposition",
                "printedName": "Any"
              },
              {
                "kind": "TypeNominal",
                "name": "SharedPreferencesPigeonOptions",
                "printedName": "shared_preferences_foundation.SharedPreferencesPigeonOptions",
                "usr": "s:29shared_preferences_foundation30SharedPreferencesPigeonOptionsV"
              }
            ],
            "declKind": "Func",
            "usr": "s:29shared_preferences_foundation15UserDefaultsApiP3set3key5value7optionsySS_ypAA30SharedPreferencesPigeonOptionsVtKF",
            "mangledName": "$s29shared_preferences_foundation15UserDefaultsApiP3set3key5value7optionsySS_ypAA30SharedPreferencesPigeonOptionsVtKF",
            "moduleName": "shared_preferences_foundation",
            "genericSig": "<τ_0_0 where τ_0_0 : shared_preferences_foundation.UserDefaultsApi>",
            "sugared_genericSig": "<Self where Self : shared_preferences_foundation.UserDefaultsApi>",
            "protocolReq": true,
            "declAttributes": [
              "RawDocComment"
            ],
            "throwing": true,
            "reqNewWitnessTableEntry": true,
            "funcSelfKind": "NonMutating"
          },
          {
            "kind": "Function",
            "name": "clear",
            "printedName": "clear(allowList:options:)",
            "children": [
              {
                "kind": "TypeNominal",
                "name": "Void",
                "printedName": "()"
              },
              {
                "kind": "TypeNominal",
                "name": "Optional",
                "printedName": "[Swift.String]?",
                "children": [
                  {
                    "kind": "TypeNominal",
                    "name": "Array",
                    "printedName": "[Swift.String]",
                    "children": [
                      {
                        "kind": "TypeNominal",
                        "name": "String",
                        "printedName": "Swift.String",
                        "usr": "s:SS"
                      }
                    ],
                    "usr": "s:Sa"
                  }
                ],
                "usr": "s:Sq"
              },
              {
                "kind": "TypeNominal",
                "name": "SharedPreferencesPigeonOptions",
                "printedName": "shared_preferences_foundation.SharedPreferencesPigeonOptions",
                "usr": "s:29shared_preferences_foundation30SharedPreferencesPigeonOptionsV"
              }
            ],
            "declKind": "Func",
            "usr": "s:29shared_preferences_foundation15UserDefaultsApiP5clear9allowList7optionsySaySSGSg_AA30SharedPreferencesPigeonOptionsVtKF",
            "mangledName": "$s29shared_preferences_foundation15UserDefaultsApiP5clear9allowList7optionsySaySSGSg_AA30SharedPreferencesPigeonOptionsVtKF",
            "moduleName": "shared_preferences_foundation",
            "genericSig": "<τ_0_0 where τ_0_0 : shared_preferences_foundation.UserDefaultsApi>",
            "sugared_genericSig": "<Self where Self : shared_preferences_foundation.UserDefaultsApi>",
            "protocolReq": true,
            "declAttributes": [
              "RawDocComment"
            ],
            "throwing": true,
            "reqNewWitnessTableEntry": true,
            "funcSelfKind": "NonMutating"
          },
          {
            "kind": "Function",
            "name": "getAll",
            "printedName": "getAll(allowList:options:)",
            "children": [
              {
                "kind": "TypeNominal",
                "name": "Dictionary",
                "printedName": "[Swift.String : Any]",
                "children": [
                  {
                    "kind": "TypeNominal",
                    "name": "String",
                    "printedName": "Swift.String",
                    "usr": "s:SS"
                  },
                  {
                    "kind": "TypeNominal",
                    "name": "ProtocolComposition",
                    "printedName": "Any"
                  }
                ],
                "usr": "s:SD"
              },
              {
                "kind": "TypeNominal",
                "name": "Optional",
                "printedName": "[Swift.String]?",
                "children": [
                  {
                    "kind": "TypeNominal",
                    "name": "Array",
                    "printedName": "[Swift.String]",
                    "children": [
                      {
                        "kind": "TypeNominal",
                        "name": "String",
                        "printedName": "Swift.String",
                        "usr": "s:SS"
                      }
                    ],
                    "usr": "s:Sa"
                  }
                ],
                "usr": "s:Sq"
              },
              {
                "kind": "TypeNominal",
                "name": "SharedPreferencesPigeonOptions",
                "printedName": "shared_preferences_foundation.SharedPreferencesPigeonOptions",
                "usr": "s:29shared_preferences_foundation30SharedPreferencesPigeonOptionsV"
              }
            ],
            "declKind": "Func",
            "usr": "s:29shared_preferences_foundation15UserDefaultsApiP6getAll9allowList7optionsSDySSypGSaySSGSg_AA30SharedPreferencesPigeonOptionsVtKF",
            "mangledName": "$s29shared_preferences_foundation15UserDefaultsApiP6getAll9allowList7optionsSDySSypGSaySSGSg_AA30SharedPreferencesPigeonOptionsVtKF",
            "moduleName": "shared_preferences_foundation",
            "genericSig": "<τ_0_0 where τ_0_0 : shared_preferences_foundation.UserDefaultsApi>",
            "sugared_genericSig": "<Self where Self : shared_preferences_foundation.UserDefaultsApi>",
            "protocolReq": true,
            "declAttributes": [
              "RawDocComment"
            ],
            "throwing": true,
            "reqNewWitnessTableEntry": true,
            "funcSelfKind": "NonMutating"
          },
          {
            "kind": "Function",
            "name": "getValue",
            "printedName": "getValue(key:options:)",
            "children": [
              {
                "kind": "TypeNominal",
                "name": "Optional",
                "printedName": "Any?",
                "children": [
                  {
                    "kind": "TypeNominal",
                    "name": "ProtocolComposition",
                    "printedName": "Any"
                  }
                ],
                "usr": "s:Sq"
              },
              {
                "kind": "TypeNominal",
                "name": "String",
                "printedName": "Swift.String",
                "usr": "s:SS"
              },
              {
                "kind": "TypeNominal",
                "name": "SharedPreferencesPigeonOptions",
                "printedName": "shared_preferences_foundation.SharedPreferencesPigeonOptions",
                "usr": "s:29shared_preferences_foundation30SharedPreferencesPigeonOptionsV"
              }
            ],
            "declKind": "Func",
            "usr": "s:29shared_preferences_foundation15UserDefaultsApiP8getValue3key7optionsypSgSS_AA30SharedPreferencesPigeonOptionsVtKF",
            "mangledName": "$s29shared_preferences_foundation15UserDefaultsApiP8getValue3key7optionsypSgSS_AA30SharedPreferencesPigeonOptionsVtKF",
            "moduleName": "shared_preferences_foundation",
            "genericSig": "<τ_0_0 where τ_0_0 : shared_preferences_foundation.UserDefaultsApi>",
            "sugared_genericSig": "<Self where Self : shared_preferences_foundation.UserDefaultsApi>",
            "protocolReq": true,
            "declAttributes": [
              "RawDocComment"
            ],
            "throwing": true,
            "reqNewWitnessTableEntry": true,
            "funcSelfKind": "NonMutating"
          },
          {
            "kind": "Function",
            "name": "getKeys",
            "printedName": "getKeys(allowList:options:)",
            "children": [
              {
                "kind": "TypeNominal",
                "name": "Array",
                "printedName": "[Swift.String]",
                "children": [
                  {
                    "kind": "TypeNominal",
                    "name": "String",
                    "printedName": "Swift.String",
                    "usr": "s:SS"
                  }
                ],
                "usr": "s:Sa"
              },
              {
                "kind": "TypeNominal",
                "name": "Optional",
                "printedName": "[Swift.String]?",
                "children": [
                  {
                    "kind": "TypeNominal",
                    "name": "Array",
                    "printedName": "[Swift.String]",
                    "children": [
                      {
                        "kind": "TypeNominal",
                        "name": "String",
                        "printedName": "Swift.String",
                        "usr": "s:SS"
                      }
                    ],
                    "usr": "s:Sa"
                  }
                ],
                "usr": "s:Sq"
              },
              {
                "kind": "TypeNominal",
                "name": "SharedPreferencesPigeonOptions",
                "printedName": "shared_preferences_foundation.SharedPreferencesPigeonOptions",
                "usr": "s:29shared_preferences_foundation30SharedPreferencesPigeonOptionsV"
              }
            ],
            "declKind": "Func",
            "usr": "s:29shared_preferences_foundation15UserDefaultsApiP7getKeys9allowList7optionsSaySSGAGSg_AA30SharedPreferencesPigeonOptionsVtKF",
            "mangledName": "$s29shared_preferences_foundation15UserDefaultsApiP7getKeys9allowList7optionsSaySSGAGSg_AA30SharedPreferencesPigeonOptionsVtKF",
            "moduleName": "shared_preferences_foundation",
            "genericSig": "<τ_0_0 where τ_0_0 : shared_preferences_foundation.UserDefaultsApi>",
            "sugared_genericSig": "<Self where Self : shared_preferences_foundation.UserDefaultsApi>",
            "protocolReq": true,
            "declAttributes": [
              "RawDocComment"
            ],
            "throwing": true,
            "reqNewWitnessTableEntry": true,
            "funcSelfKind": "NonMutating"
          }
        ],
        "declKind": "Protocol",
        "usr": "s:29shared_preferences_foundation15UserDefaultsApiP",
        "mangledName": "$s29shared_preferences_foundation15UserDefaultsApiP",
        "moduleName": "shared_preferences_foundation",
        "declAttributes": [
          "RawDocComment"
        ],
        "conformances": [
          {
            "kind": "Conformance",
            "name": "Escapable",
            "printedName": "Escapable",
            "usr": "s:s9EscapableP",
            "mangledName": "$ss9EscapableP"
          },
          {
            "kind": "Conformance",
            "name": "Copyable",
            "printedName": "Copyable",
            "usr": "s:s8CopyableP",
            "mangledName": "$ss8CopyableP"
          }
        ]
      },
      {
        "kind": "TypeDecl",
        "name": "UserDefaultsApiSetup",
        "printedName": "UserDefaultsApiSetup",
        "children": [
          {
            "kind": "Var",
            "name": "codec",
            "printedName": "codec",
            "children": [
              {
                "kind": "TypeNominal",
                "name": "FlutterStandardMessageCodec",
                "printedName": "Flutter.FlutterStandardMessageCodec",
                "usr": "c:objc(cs)FlutterStandardMessageCodec"
              }
            ],
            "declKind": "Var",
            "usr": "s:29shared_preferences_foundation20UserDefaultsApiSetupC5codecSo27FlutterStandardMessageCodecCvpZ",
            "mangledName": "$s29shared_preferences_foundation20UserDefaultsApiSetupC5codecSo27FlutterStandardMessageCodecCvpZ",
            "moduleName": "shared_preferences_foundation",
            "static": true,
            "declAttributes": [
              "Final"
            ],
            "accessors": [
              {
                "kind": "Accessor",
                "name": "Get",
                "printedName": "Get()",
                "children": [
                  {
                    "kind": "TypeNominal",
                    "name": "FlutterStandardMessageCodec",
                    "printedName": "Flutter.FlutterStandardMessageCodec",
                    "usr": "c:objc(cs)FlutterStandardMessageCodec"
                  }
                ],
                "declKind": "Accessor",
                "usr": "s:29shared_preferences_foundation20UserDefaultsApiSetupC5codecSo27FlutterStandardMessageCodecCvgZ",
                "mangledName": "$s29shared_preferences_foundation20UserDefaultsApiSetupC5codecSo27FlutterStandardMessageCodecCvgZ",
                "moduleName": "shared_preferences_foundation",
                "static": true,
                "declAttributes": [
                  "Final"
                ],
                "accessorKind": "get"
              }
            ]
          },
          {
            "kind": "Function",
            "name": "setUp",
            "printedName": "setUp(binaryMessenger:api:messageChannelSuffix:)",
            "children": [
              {
                "kind": "TypeNominal",
                "name": "Void",
                "printedName": "()"
              },
              {
                "kind": "TypeNominal",
                "name": "FlutterBinaryMessenger",
                "printedName": "any Flutter.FlutterBinaryMessenger",
                "usr": "c:objc(pl)FlutterBinaryMessenger"
              },
              {
                "kind": "TypeNominal",
                "name": "Optional",
                "printedName": "(any shared_preferences_foundation.UserDefaultsApi)?",
                "children": [
                  {
                    "kind": "TypeNominal",
                    "name": "UserDefaultsApi",
                    "printedName": "any shared_preferences_foundation.UserDefaultsApi",
                    "usr": "s:29shared_preferences_foundation15UserDefaultsApiP"
                  }
                ],
                "usr": "s:Sq"
              },
              {
                "kind": "TypeNominal",
                "name": "String",
                "printedName": "Swift.String",
                "hasDefaultArg": true,
                "usr": "s:SS"
              }
            ],
            "declKind": "Func",
            "usr": "s:29shared_preferences_foundation20UserDefaultsApiSetupC5setUp15binaryMessenger3api20messageChannelSuffixySo013FlutterBinaryK0_p_AA0deF0_pSgSStFZ",
            "mangledName": "$s29shared_preferences_foundation20UserDefaultsApiSetupC5setUp15binaryMessenger3api20messageChannelSuffixySo013FlutterBinaryK0_p_AA0deF0_pSgSStFZ",
            "moduleName": "shared_preferences_foundation",
            "static": true,
            "declAttributes": [
              "Final",
              "RawDocComment"
            ],
            "funcSelfKind": "NonMutating"
          },
          {
            "kind": "Constructor",
            "name": "init",
            "printedName": "init()",
            "children": [
              {
                "kind": "TypeNominal",
                "name": "UserDefaultsApiSetup",
                "printedName": "shared_preferences_foundation.UserDefaultsApiSetup",
                "usr": "s:29shared_preferences_foundation20UserDefaultsApiSetupC"
              }
            ],
            "declKind": "Constructor",
            "usr": "s:29shared_preferences_foundation20UserDefaultsApiSetupCACycfc",
            "mangledName": "$s29shared_preferences_foundation20UserDefaultsApiSetupCACycfc",
            "moduleName": "shared_preferences_foundation",
            "implicit": true,
            "init_kind": "Designated"
          }
        ],
        "declKind": "Class",
        "usr": "s:29shared_preferences_foundation20UserDefaultsApiSetupC",
        "mangledName": "$s29shared_preferences_foundation20UserDefaultsApiSetupC",
        "moduleName": "shared_preferences_foundation",
        "isOpen": true,
        "declAttributes": [
          "RawDocComment"
        ],
        "conformances": [
          {
            "kind": "Conformance",
            "name": "Copyable",
            "printedName": "Copyable",
            "usr": "s:s8CopyableP",
            "mangledName": "$ss8CopyableP"
          },
          {
            "kind": "Conformance",
            "name": "Escapable",
            "printedName": "Escapable",
            "usr": "s:s9EscapableP",
            "mangledName": "$ss9EscapableP"
          }
        ]
      },
      {
        "kind": "Import",
        "name": "Foundation",
        "printedName": "Foundation",
        "declKind": "Import",
        "moduleName": "shared_preferences_foundation",
        "declAttributes": [
          "RawDocComment"
        ]
      },
      {
        "kind": "Import",
        "name": "Flutter",
        "printedName": "Flutter",
        "declKind": "Import",
        "moduleName": "shared_preferences_foundation"
      },
      {
        "kind": "Var",
        "name": "argumentError",
        "printedName": "argumentError",
        "children": [
          {
            "kind": "TypeNominal",
            "name": "String",
            "printedName": "Swift.String",
            "usr": "s:SS"
          }
        ],
        "declKind": "Var",
        "usr": "s:29shared_preferences_foundation13argumentErrorSSvp",
        "mangledName": "$s29shared_preferences_foundation13argumentErrorSSvp",
        "moduleName": "shared_preferences_foundation",
        "declAttributes": [
          "HasInitialValue",
          "HasStorage"
        ],
        "isLet": true,
        "hasStorage": true
      },
      {
        "kind": "TypeDecl",
        "name": "LegacySharedPreferencesPlugin",
        "printedName": "LegacySharedPreferencesPlugin",
        "children": [
          {
            "kind": "Function",
            "name": "register",
            "printedName": "register(with:)",
            "children": [
              {
                "kind": "TypeNominal",
                "name": "Void",
                "printedName": "()"
              },
              {
                "kind": "TypeNominal",
                "name": "FlutterPluginRegistrar",
                "printedName": "any Flutter.FlutterPluginRegistrar",
                "usr": "c:objc(pl)FlutterPluginRegistrar"
              }
            ],
            "declKind": "Func",
            "usr": "c:@M@shared_preferences_foundation@objc(cs)LegacySharedPreferencesPlugin(cm)registerWithRegistrar:",
            "mangledName": "$s29shared_preferences_foundation29LegacySharedPreferencesPluginC8register4withySo07FlutterG9Registrar_p_tFZ",
            "moduleName": "shared_preferences_foundation",
            "static": true,
            "objc_name": "registerWithRegistrar:",
            "declAttributes": [
              "Final",
              "ObjC",
              "AccessControl"
            ],
            "funcSelfKind": "NonMutating"
          },
          {
            "kind": "Function",
            "name": "getAll",
            "printedName": "getAll(prefix:allowList:)",
            "children": [
              {
                "kind": "TypeNominal",
                "name": "Dictionary",
                "printedName": "[Swift.String : Any]",
                "children": [
                  {
                    "kind": "TypeNominal",
                    "name": "String",
                    "printedName": "Swift.String",
                    "usr": "s:SS"
                  },
                  {
                    "kind": "TypeNominal",
                    "name": "ProtocolComposition",
                    "printedName": "Any"
                  }
                ],
                "usr": "s:SD"
              },
              {
                "kind": "TypeNominal",
                "name": "String",
                "printedName": "Swift.String",
                "usr": "s:SS"
              },
              {
                "kind": "TypeNominal",
                "name": "Optional",
                "printedName": "[Swift.String]?",
                "children": [
                  {
                    "kind": "TypeNominal",
                    "name": "Array",
                    "printedName": "[Swift.String]",
                    "children": [
                      {
                        "kind": "TypeNominal",
                        "name": "String",
                        "printedName": "Swift.String",
                        "usr": "s:SS"
                      }
                    ],
                    "usr": "s:Sa"
                  }
                ],
                "usr": "s:Sq"
              }
            ],
            "declKind": "Func",
            "usr": "s:29shared_preferences_foundation29LegacySharedPreferencesPluginC6getAll6prefix9allowListSDySSypGSS_SaySSGSgtF",
            "mangledName": "$s29shared_preferences_foundation29LegacySharedPreferencesPluginC6getAll6prefix9allowListSDySSypGSS_SaySSGSgtF",
            "moduleName": "shared_preferences_foundation",
            "isOpen": true,
            "funcSelfKind": "NonMutating"
          },
          {
            "kind": "Function",
            "name": "setBool",
            "printedName": "setBool(key:value:)",
            "children": [
              {
                "kind": "TypeNominal",
                "name": "Void",
                "printedName": "()"
              },
              {
                "kind": "TypeNominal",
                "name": "String",
                "printedName": "Swift.String",
                "usr": "s:SS"
              },
              {
                "kind": "TypeNominal",
                "name": "Bool",
                "printedName": "Swift.Bool",
                "usr": "s:Sb"
              }
            ],
            "declKind": "Func",
            "usr": "s:29shared_preferences_foundation29LegacySharedPreferencesPluginC7setBool3key5valueySS_SbtF",
            "mangledName": "$s29shared_preferences_foundation29LegacySharedPreferencesPluginC7setBool3key5valueySS_SbtF",
            "moduleName": "shared_preferences_foundation",
            "isOpen": true,
            "funcSelfKind": "NonMutating"
          },
          {
            "kind": "Function",
            "name": "setDouble",
            "printedName": "setDouble(key:value:)",
            "children": [
              {
                "kind": "TypeNominal",
                "name": "Void",
                "printedName": "()"
              },
              {
                "kind": "TypeNominal",
                "name": "String",
                "printedName": "Swift.String",
                "usr": "s:SS"
              },
              {
                "kind": "TypeNominal",
                "name": "Double",
                "printedName": "Swift.Double",
                "usr": "s:Sd"
              }
            ],
            "declKind": "Func",
            "usr": "s:29shared_preferences_foundation29LegacySharedPreferencesPluginC9setDouble3key5valueySS_SdtF",
            "mangledName": "$s29shared_preferences_foundation29LegacySharedPreferencesPluginC9setDouble3key5valueySS_SdtF",
            "moduleName": "shared_preferences_foundation",
            "isOpen": true,
            "funcSelfKind": "NonMutating"
          },
          {
            "kind": "Function",
            "name": "setValue",
            "printedName": "setValue(key:value:)",
            "children": [
              {
                "kind": "TypeNominal",
                "name": "Void",
                "printedName": "()"
              },
              {
                "kind": "TypeNominal",
                "name": "String",
                "printedName": "Swift.String",
                "usr": "s:SS"
              },
              {
                "kind": "TypeNominal",
                "name": "ProtocolComposition",
                "printedName": "Any"
              }
            ],
            "declKind": "Func",
            "usr": "s:29shared_preferences_foundation29LegacySharedPreferencesPluginC8setValue3key5valueySS_yptF",
            "mangledName": "$s29shared_preferences_foundation29LegacySharedPreferencesPluginC8setValue3key5valueySS_yptF",
            "moduleName": "shared_preferences_foundation",
            "isOpen": true,
            "funcSelfKind": "NonMutating"
          },
          {
            "kind": "Function",
            "name": "remove",
            "printedName": "remove(key:)",
            "children": [
              {
                "kind": "TypeNominal",
                "name": "Void",
                "printedName": "()"
              },
              {
                "kind": "TypeNominal",
                "name": "String",
                "printedName": "Swift.String",
                "usr": "s:SS"
              }
            ],
            "declKind": "Func",
            "usr": "s:29shared_preferences_foundation29LegacySharedPreferencesPluginC6remove3keyySS_tF",
            "mangledName": "$s29shared_preferences_foundation29LegacySharedPreferencesPluginC6remove3keyySS_tF",
            "moduleName": "shared_preferences_foundation",
            "isOpen": true,
            "funcSelfKind": "NonMutating"
          },
          {
            "kind": "Function",
            "name": "clear",
            "printedName": "clear(prefix:allowList:)",
            "children": [
              {
                "kind": "TypeNominal",
                "name": "Bool",
                "printedName": "Swift.Bool",
                "usr": "s:Sb"
              },
              {
                "kind": "TypeNominal",
                "name": "String",
                "printedName": "Swift.String",
                "usr": "s:SS"
              },
              {
                "kind": "TypeNominal",
                "name": "Optional",
                "printedName": "[Swift.String]?",
                "children": [
                  {
                    "kind": "TypeNominal",
                    "name": "Array",
                    "printedName": "[Swift.String]",
                    "children": [
                      {
                        "kind": "TypeNominal",
                        "name": "String",
                        "printedName": "Swift.String",
                        "usr": "s:SS"
                      }
                    ],
                    "usr": "s:Sa"
                  }
                ],
                "usr": "s:Sq"
              }
            ],
            "declKind": "Func",
            "usr": "s:29shared_preferences_foundation29LegacySharedPreferencesPluginC5clear6prefix9allowListSbSS_SaySSGSgtF",
            "mangledName": "$s29shared_preferences_foundation29LegacySharedPreferencesPluginC5clear6prefix9allowListSbSS_SaySSGSgtF",
            "moduleName": "shared_preferences_foundation",
            "isOpen": true,
            "funcSelfKind": "NonMutating"
          },
          {
            "kind": "Function",
            "name": "getAllPrefs",
            "printedName": "getAllPrefs(prefix:allowList:)",
            "children": [
              {
                "kind": "TypeNominal",
                "name": "Dictionary",
                "printedName": "[Swift.String : Any]",
                "children": [
                  {
                    "kind": "TypeNominal",
                    "name": "String",
                    "printedName": "Swift.String",
                    "usr": "s:SS"
                  },
                  {
                    "kind": "TypeNominal",
                    "name": "ProtocolComposition",
                    "printedName": "Any"
                  }
                ],
                "usr": "s:SD"
              },
              {
                "kind": "TypeNominal",
                "name": "String",
                "printedName": "Swift.String",
                "usr": "s:SS"
              },
              {
                "kind": "TypeNominal",
                "name": "Optional",
                "printedName": "[Swift.String]?",
                "children": [
                  {
                    "kind": "TypeNominal",
                    "name": "Array",
                    "printedName": "[Swift.String]",
                    "children": [
                      {
                        "kind": "TypeNominal",
                        "name": "String",
                        "printedName": "Swift.String",
                        "usr": "s:SS"
                      }
                    ],
                    "usr": "s:Sa"
                  }
                ],
                "usr": "s:Sq"
              }
            ],
            "declKind": "Func",
            "usr": "s:29shared_preferences_foundation29LegacySharedPreferencesPluginC11getAllPrefs6prefix9allowListSDySSypGSS_SaySSGSgtF",
            "mangledName": "$s29shared_preferences_foundation29LegacySharedPreferencesPluginC11getAllPrefs6prefix9allowListSDySSypGSS_SaySSGSgtF",
            "moduleName": "shared_preferences_foundation",
            "isOpen": true,
            "declAttributes": [
              "RawDocComment"
            ],
            "funcSelfKind": "NonMutating"
          },
          {
            "kind": "Constructor",
            "name": "init",
            "printedName": "init()",
            "children": [
              {
                "kind": "TypeNominal",
                "name": "LegacySharedPreferencesPlugin",
                "printedName": "shared_preferences_foundation.LegacySharedPreferencesPlugin",
                "usr": "c:@M@shared_preferences_foundation@objc(cs)LegacySharedPreferencesPlugin"
              }
            ],
            "declKind": "Constructor",
            "usr": "c:@M@shared_preferences_foundation@objc(cs)LegacySharedPreferencesPlugin(im)init",
            "mangledName": "$s29shared_preferences_foundation29LegacySharedPreferencesPluginCACycfc",
            "moduleName": "shared_preferences_foundation",
            "overriding": true,
            "implicit": true,
            "objc_name": "init",
            "declAttributes": [
              "Dynamic",
              "ObjC",
              "Override"
            ],
            "init_kind": "Designated"
          }
        ],
        "declKind": "Class",
        "usr": "c:@M@shared_preferences_foundation@objc(cs)LegacySharedPreferencesPlugin",
        "mangledName": "$s29shared_preferences_foundation29LegacySharedPreferencesPluginC",
        "moduleName": "shared_preferences_foundation",
        "isOpen": true,
        "declAttributes": [
          "AccessControl",
          "ObjC"
        ],
        "superclassUsr": "c:objc(cs)NSObject",
        "inheritsConvenienceInitializers": true,
        "superclassNames": [
          "ObjectiveC.NSObject"
        ],
        "conformances": [
          {
            "kind": "Conformance",
            "name": "LegacyUserDefaultsApi",
            "printedName": "LegacyUserDefaultsApi",
            "usr": "s:29shared_preferences_foundation21LegacyUserDefaultsApiP",
            "mangledName": "$s29shared_preferences_foundation21LegacyUserDefaultsApiP"
          },
          {
            "kind": "Conformance",
            "name": "Copyable",
            "printedName": "Copyable",
            "usr": "s:s8CopyableP",
            "mangledName": "$ss8CopyableP"
          },
          {
            "kind": "Conformance",
            "name": "Escapable",
            "printedName": "Escapable",
            "usr": "s:s9EscapableP",
            "mangledName": "$ss9EscapableP"
          },
          {
            "kind": "Conformance",
            "name": "Equatable",
            "printedName": "Equatable",
            "usr": "s:SQ",
            "mangledName": "$sSQ"
          },
          {
            "kind": "Conformance",
            "name": "Hashable",
            "printedName": "Hashable",
            "usr": "s:SH",
            "mangledName": "$sSH"
          },
          {
            "kind": "Conformance",
            "name": "CVarArg",
            "printedName": "CVarArg",
            "usr": "s:s7CVarArgP",
            "mangledName": "$ss7CVarArgP"
          },
          {
            "kind": "Conformance",
            "name": "_KeyValueCodingAndObservingPublishing",
            "printedName": "_KeyValueCodingAndObservingPublishing",
            "usr": "s:10Foundation37_KeyValueCodingAndObservingPublishingP",
            "mangledName": "$s10Foundation37_KeyValueCodingAndObservingPublishingP"
          },
          {
            "kind": "Conformance",
            "name": "_KeyValueCodingAndObserving",
            "printedName": "_KeyValueCodingAndObserving",
            "usr": "s:10Foundation27_KeyValueCodingAndObservingP",
            "mangledName": "$s10Foundation27_KeyValueCodingAndObservingP"
          },
          {
            "kind": "Conformance",
            "name": "CustomStringConvertible",
            "printedName": "CustomStringConvertible",
            "usr": "s:s23CustomStringConvertibleP",
            "mangledName": "$ss23CustomStringConvertibleP"
          },
          {
            "kind": "Conformance",
            "name": "CustomDebugStringConvertible",
            "printedName": "CustomDebugStringConvertible",
            "usr": "s:s28CustomDebugStringConvertibleP",
            "mangledName": "$ss28CustomDebugStringConvertibleP"
          }
        ]
      },
      {
        "kind": "TypeDecl",
        "name": "SharedPreferencesPlugin",
        "printedName": "SharedPreferencesPlugin",
        "children": [
          {
            "kind": "Function",
            "name": "register",
            "printedName": "register(with:)",
            "children": [
              {
                "kind": "TypeNominal",
                "name": "Void",
                "printedName": "()"
              },
              {
                "kind": "TypeNominal",
                "name": "FlutterPluginRegistrar",
                "printedName": "any Flutter.FlutterPluginRegistrar",
                "usr": "c:objc(pl)FlutterPluginRegistrar"
              }
            ],
            "declKind": "Func",
            "usr": "c:@M@shared_preferences_foundation@objc(cs)SharedPreferencesPlugin(cm)registerWithRegistrar:",
            "mangledName": "$s29shared_preferences_foundation23SharedPreferencesPluginC8register4withySo07FlutterF9Registrar_p_tFZ",
            "moduleName": "shared_preferences_foundation",
            "static": true,
            "objc_name": "registerWithRegistrar:",
            "declAttributes": [
              "Final",
              "ObjC",
              "AccessControl"
            ],
            "funcSelfKind": "NonMutating"
          },
          {
            "kind": "Function",
            "name": "getKeys",
            "printedName": "getKeys(allowList:options:)",
            "children": [
              {
                "kind": "TypeNominal",
                "name": "Array",
                "printedName": "[Swift.String]",
                "children": [
                  {
                    "kind": "TypeNominal",
                    "name": "String",
                    "printedName": "Swift.String",
                    "usr": "s:SS"
                  }
                ],
                "usr": "s:Sa"
              },
              {
                "kind": "TypeNominal",
                "name": "Optional",
                "printedName": "[Swift.String]?",
                "children": [
                  {
                    "kind": "TypeNominal",
                    "name": "Array",
                    "printedName": "[Swift.String]",
                    "children": [
                      {
                        "kind": "TypeNominal",
                        "name": "String",
                        "printedName": "Swift.String",
                        "usr": "s:SS"
                      }
                    ],
                    "usr": "s:Sa"
                  }
                ],
                "usr": "s:Sq"
              },
              {
                "kind": "TypeNominal",
                "name": "SharedPreferencesPigeonOptions",
                "printedName": "shared_preferences_foundation.SharedPreferencesPigeonOptions",
                "usr": "s:29shared_preferences_foundation30SharedPreferencesPigeonOptionsV"
              }
            ],
            "declKind": "Func",
            "usr": "s:29shared_preferences_foundation23SharedPreferencesPluginC7getKeys9allowList7optionsSaySSGAGSg_AA0dE13PigeonOptionsVtKF",
            "mangledName": "$s29shared_preferences_foundation23SharedPreferencesPluginC7getKeys9allowList7optionsSaySSGAGSg_AA0dE13PigeonOptionsVtKF",
            "moduleName": "shared_preferences_foundation",
            "isOpen": true,
            "throwing": true,
            "funcSelfKind": "NonMutating"
          },
          {
            "kind": "Function",
            "name": "getAll",
            "printedName": "getAll(allowList:options:)",
            "children": [
              {
                "kind": "TypeNominal",
                "name": "Dictionary",
                "printedName": "[Swift.String : Any]",
                "children": [
                  {
                    "kind": "TypeNominal",
                    "name": "String",
                    "printedName": "Swift.String",
                    "usr": "s:SS"
                  },
                  {
                    "kind": "TypeNominal",
                    "name": "ProtocolComposition",
                    "printedName": "Any"
                  }
                ],
                "usr": "s:SD"
              },
              {
                "kind": "TypeNominal",
                "name": "Optional",
                "printedName": "[Swift.String]?",
                "children": [
                  {
                    "kind": "TypeNominal",
                    "name": "Array",
                    "printedName": "[Swift.String]",
                    "children": [
                      {
                        "kind": "TypeNominal",
                        "name": "String",
                        "printedName": "Swift.String",
                        "usr": "s:SS"
                      }
                    ],
                    "usr": "s:Sa"
                  }
                ],
                "usr": "s:Sq"
              },
              {
                "kind": "TypeNominal",
                "name": "SharedPreferencesPigeonOptions",
                "printedName": "shared_preferences_foundation.SharedPreferencesPigeonOptions",
                "usr": "s:29shared_preferences_foundation30SharedPreferencesPigeonOptionsV"
              }
            ],
            "declKind": "Func",
            "usr": "s:29shared_preferences_foundation23SharedPreferencesPluginC6getAll9allowList7optionsSDySSypGSaySSGSg_AA0dE13PigeonOptionsVtKF",
            "mangledName": "$s29shared_preferences_foundation23SharedPreferencesPluginC6getAll9allowList7optionsSDySSypGSaySSGSg_AA0dE13PigeonOptionsVtKF",
            "moduleName": "shared_preferences_foundation",
            "isOpen": true,
            "throwing": true,
            "funcSelfKind": "NonMutating"
          },
          {
            "kind": "Function",
            "name": "set",
            "printedName": "set(key:value:options:)",
            "children": [
              {
                "kind": "TypeNominal",
                "name": "Void",
                "printedName": "()"
              },
              {
                "kind": "TypeNominal",
                "name": "String",
                "printedName": "Swift.String",
                "usr": "s:SS"
              },
              {
                "kind": "TypeNominal",
                "name": "ProtocolComposition",
                "printedName": "Any"
              },
              {
                "kind": "TypeNominal",
                "name": "SharedPreferencesPigeonOptions",
                "printedName": "shared_preferences_foundation.SharedPreferencesPigeonOptions",
                "usr": "s:29shared_preferences_foundation30SharedPreferencesPigeonOptionsV"
              }
            ],
            "declKind": "Func",
            "usr": "s:29shared_preferences_foundation23SharedPreferencesPluginC3set3key5value7optionsySS_ypAA0dE13PigeonOptionsVtKF",
            "mangledName": "$s29shared_preferences_foundation23SharedPreferencesPluginC3set3key5value7optionsySS_ypAA0dE13PigeonOptionsVtKF",
            "moduleName": "shared_preferences_foundation",
            "isOpen": true,
            "throwing": true,
            "funcSelfKind": "NonMutating"
          },
          {
            "kind": "Function",
            "name": "getValue",
            "printedName": "getValue(key:options:)",
            "children": [
              {
                "kind": "TypeNominal",
                "name": "Optional",
                "printedName": "Any?",
                "children": [
                  {
                    "kind": "TypeNominal",
                    "name": "ProtocolComposition",
                    "printedName": "Any"
                  }
                ],
                "usr": "s:Sq"
              },
              {
                "kind": "TypeNominal",
                "name": "String",
                "printedName": "Swift.String",
                "usr": "s:SS"
              },
              {
                "kind": "TypeNominal",
                "name": "SharedPreferencesPigeonOptions",
                "printedName": "shared_preferences_foundation.SharedPreferencesPigeonOptions",
                "usr": "s:29shared_preferences_foundation30SharedPreferencesPigeonOptionsV"
              }
            ],
            "declKind": "Func",
            "usr": "s:29shared_preferences_foundation23SharedPreferencesPluginC8getValue3key7optionsypSgSS_AA0dE13PigeonOptionsVtKF",
            "mangledName": "$s29shared_preferences_foundation23SharedPreferencesPluginC8getValue3key7optionsypSgSS_AA0dE13PigeonOptionsVtKF",
            "moduleName": "shared_preferences_foundation",
            "isOpen": true,
            "throwing": true,
            "funcSelfKind": "NonMutating"
          },
          {
            "kind": "Function",
            "name": "remove",
            "printedName": "remove(key:options:)",
            "children": [
              {
                "kind": "TypeNominal",
                "name": "Void",
                "printedName": "()"
              },
              {
                "kind": "TypeNominal",
                "name": "String",
                "printedName": "Swift.String",
                "usr": "s:SS"
              },
              {
                "kind": "TypeNominal",
                "name": "SharedPreferencesPigeonOptions",
                "printedName": "shared_preferences_foundation.SharedPreferencesPigeonOptions",
                "usr": "s:29shared_preferences_foundation30SharedPreferencesPigeonOptionsV"
              }
            ],
            "declKind": "Func",
            "usr": "s:29shared_preferences_foundation23SharedPreferencesPluginC6remove3key7optionsySS_AA0dE13PigeonOptionsVtKF",
            "mangledName": "$s29shared_preferences_foundation23SharedPreferencesPluginC6remove3key7optionsySS_AA0dE13PigeonOptionsVtKF",
            "moduleName": "shared_preferences_foundation",
            "isOpen": true,
            "throwing": true,
            "funcSelfKind": "NonMutating"
          },
          {
            "kind": "Function",
            "name": "clear",
            "printedName": "clear(allowList:options:)",
            "children": [
              {
                "kind": "TypeNominal",
                "name": "Void",
                "printedName": "()"
              },
              {
                "kind": "TypeNominal",
                "name": "Optional",
                "printedName": "[Swift.String]?",
                "children": [
                  {
                    "kind": "TypeNominal",
                    "name": "Array",
                    "printedName": "[Swift.String]",
                    "children": [
                      {
                        "kind": "TypeNominal",
                        "name": "String",
                        "printedName": "Swift.String",
                        "usr": "s:SS"
                      }
                    ],
                    "usr": "s:Sa"
                  }
                ],
                "usr": "s:Sq"
              },
              {
                "kind": "TypeNominal",
                "name": "SharedPreferencesPigeonOptions",
                "printedName": "shared_preferences_foundation.SharedPreferencesPigeonOptions",
                "usr": "s:29shared_preferences_foundation30SharedPreferencesPigeonOptionsV"
              }
            ],
            "declKind": "Func",
            "usr": "s:29shared_preferences_foundation23SharedPreferencesPluginC5clear9allowList7optionsySaySSGSg_AA0dE13PigeonOptionsVtKF",
            "mangledName": "$s29shared_preferences_foundation23SharedPreferencesPluginC5clear9allowList7optionsySaySSGSg_AA0dE13PigeonOptionsVtKF",
            "moduleName": "shared_preferences_foundation",
            "isOpen": true,
            "throwing": true,
            "funcSelfKind": "NonMutating"
          },
          {
            "kind": "Function",
            "name": "getAllPrefs",
            "printedName": "getAllPrefs(allowList:options:)",
            "children": [
              {
                "kind": "TypeNominal",
                "name": "Dictionary",
                "printedName": "[Swift.String : Any]",
                "children": [
                  {
                    "kind": "TypeNominal",
                    "name": "String",
                    "printedName": "Swift.String",
                    "usr": "s:SS"
                  },
                  {
                    "kind": "TypeNominal",
                    "name": "ProtocolComposition",
                    "printedName": "Any"
                  }
                ],
                "usr": "s:SD"
              },
              {
                "kind": "TypeNominal",
                "name": "Optional",
                "printedName": "[Swift.String]?",
                "children": [
                  {
                    "kind": "TypeNominal",
                    "name": "Array",
                    "printedName": "[Swift.String]",
                    "children": [
                      {
                        "kind": "TypeNominal",
                        "name": "String",
                        "printedName": "Swift.String",
                        "usr": "s:SS"
                      }
                    ],
                    "usr": "s:Sa"
                  }
                ],
                "usr": "s:Sq"
              },
              {
                "kind": "TypeNominal",
                "name": "SharedPreferencesPigeonOptions",
                "printedName": "shared_preferences_foundation.SharedPreferencesPigeonOptions",
                "usr": "s:29shared_preferences_foundation30SharedPreferencesPigeonOptionsV"
              }
            ],
            "declKind": "Func",
            "usr": "s:29shared_preferences_foundation23SharedPreferencesPluginC11getAllPrefs9allowList7optionsSDySSypGSaySSGSg_AA0dE13PigeonOptionsVtKFZ",
            "mangledName": "$s29shared_preferences_foundation23SharedPreferencesPluginC11getAllPrefs9allowList7optionsSDySSypGSaySSGSg_AA0dE13PigeonOptionsVtKFZ",
            "moduleName": "shared_preferences_foundation",
            "static": true,
            "declAttributes": [
              "Final",
              "RawDocComment"
            ],
            "throwing": true,
            "funcSelfKind": "NonMutating"
          },
          {
            "kind": "Function",
            "name": "isTypeCompatible",
            "printedName": "isTypeCompatible(value:)",
            "children": [
              {
                "kind": "TypeNominal",
                "name": "Bool",
                "printedName": "Swift.Bool",
                "usr": "s:Sb"
              },
              {
                "kind": "TypeNominal",
                "name": "ProtocolComposition",
                "printedName": "Any"
              }
            ],
            "declKind": "Func",
            "usr": "s:29shared_preferences_foundation23SharedPreferencesPluginC16isTypeCompatible5valueSbyp_tFZ",
            "mangledName": "$s29shared_preferences_foundation23SharedPreferencesPluginC16isTypeCompatible5valueSbyp_tFZ",
            "moduleName": "shared_preferences_foundation",
            "static": true,
            "declAttributes": [
              "Final"
            ],
            "funcSelfKind": "NonMutating"
          },
          {
            "kind": "Constructor",
            "name": "init",
            "printedName": "init()",
            "children": [
              {
                "kind": "TypeNominal",
                "name": "SharedPreferencesPlugin",
                "printedName": "shared_preferences_foundation.SharedPreferencesPlugin",
                "usr": "c:@M@shared_preferences_foundation@objc(cs)SharedPreferencesPlugin"
              }
            ],
            "declKind": "Constructor",
            "usr": "c:@M@shared_preferences_foundation@objc(cs)SharedPreferencesPlugin(im)init",
            "mangledName": "$s29shared_preferences_foundation23SharedPreferencesPluginCACycfc",
            "moduleName": "shared_preferences_foundation",
            "overriding": true,
            "implicit": true,
            "objc_name": "init",
            "declAttributes": [
              "Dynamic",
              "ObjC",
              "Override"
            ],
            "init_kind": "Designated"
          }
        ],
        "declKind": "Class",
        "usr": "c:@M@shared_preferences_foundation@objc(cs)SharedPreferencesPlugin",
        "mangledName": "$s29shared_preferences_foundation23SharedPreferencesPluginC",
        "moduleName": "shared_preferences_foundation",
        "isOpen": true,
        "declAttributes": [
          "AccessControl",
          "ObjC"
        ],
        "superclassUsr": "c:objc(cs)NSObject",
        "inheritsConvenienceInitializers": true,
        "superclassNames": [
          "ObjectiveC.NSObject"
        ],
        "conformances": [
          {
            "kind": "Conformance",
            "name": "UserDefaultsApi",
            "printedName": "UserDefaultsApi",
            "usr": "s:29shared_preferences_foundation15UserDefaultsApiP",
            "mangledName": "$s29shared_preferences_foundation15UserDefaultsApiP"
          },
          {
            "kind": "Conformance",
            "name": "Copyable",
            "printedName": "Copyable",
            "usr": "s:s8CopyableP",
            "mangledName": "$ss8CopyableP"
          },
          {
            "kind": "Conformance",
            "name": "Escapable",
            "printedName": "Escapable",
            "usr": "s:s9EscapableP",
            "mangledName": "$ss9EscapableP"
          },
          {
            "kind": "Conformance",
            "name": "Equatable",
            "printedName": "Equatable",
            "usr": "s:SQ",
            "mangledName": "$sSQ"
          },
          {
            "kind": "Conformance",
            "name": "Hashable",
            "printedName": "Hashable",
            "usr": "s:SH",
            "mangledName": "$sSH"
          },
          {
            "kind": "Conformance",
            "name": "CVarArg",
            "printedName": "CVarArg",
            "usr": "s:s7CVarArgP",
            "mangledName": "$ss7CVarArgP"
          },
          {
            "kind": "Conformance",
            "name": "_KeyValueCodingAndObservingPublishing",
            "printedName": "_KeyValueCodingAndObservingPublishing",
            "usr": "s:10Foundation37_KeyValueCodingAndObservingPublishingP",
            "mangledName": "$s10Foundation37_KeyValueCodingAndObservingPublishingP"
          },
          {
            "kind": "Conformance",
            "name": "_KeyValueCodingAndObserving",
            "printedName": "_KeyValueCodingAndObserving",
            "usr": "s:10Foundation27_KeyValueCodingAndObservingP",
            "mangledName": "$s10Foundation27_KeyValueCodingAndObservingP"
          },
          {
            "kind": "Conformance",
            "name": "CustomStringConvertible",
            "printedName": "CustomStringConvertible",
            "usr": "s:s23CustomStringConvertibleP",
            "mangledName": "$ss23CustomStringConvertibleP"
          },
          {
            "kind": "Conformance",
            "name": "CustomDebugStringConvertible",
            "printedName": "CustomDebugStringConvertible",
            "usr": "s:s28CustomDebugStringConvertibleP",
            "mangledName": "$ss28CustomDebugStringConvertibleP"
          }
        ]
      }
    ],
    "json_format_version": 8
  },
  "ConstValues": [
    {
      "filePath": "\/Users\/sak\/.pub-cache\/hosted\/pub.dev\/shared_preferences_foundation-2.5.4\/darwin\/shared_preferences_foundation\/Sources\/shared_preferences_foundation\/messages.g.swift",
      "kind": "StringLiteral",
      "offset": 4057,
      "length": 2,
      "value": "\"\""
    },
    {
      "filePath": "\/Users\/sak\/.pub-cache\/hosted\/pub.dev\/shared_preferences_foundation-2.5.4\/darwin\/shared_preferences_foundation\/Sources\/shared_preferences_foundation\/messages.g.swift",
      "kind": "StringLiteral",
      "offset": 9507,
      "length": 2,
      "value": "\"\""
    },
    {
      "filePath": "\/Users\/sak\/.pub-cache\/hosted\/pub.dev\/shared_preferences_foundation-2.5.4\/darwin\/shared_preferences_foundation\/Sources\/shared_preferences_foundation\/SharedPreferencesPlugin.swift",
      "kind": "StringLiteral",
      "offset": 289,
      "length": 16,
      "value": "\"Argument Error\""
    }
  ]
}